id,zugid,zugverkehrstyp,zugtyp,zugowner,zugklasse,zugnummer,zugnummerfull,linie,evanr,arzeitsoll,arzeitist,dpzeitsoll,dpzeitist,gleissoll,gleisist,datum,streckengeplanthash,streckenchangedhash,zugstatus
50059096,9161005538769364736-1803112320-18,S,p,A6S32,S,85122,S85122,32,8000191,0:09:00,0:09:00,,,8,8,2018-03-12,356993ad,e2311868,n
50059097,6863645669452356103-1803112309-6,F,p,80,IC,2260,IC2260,,8000191,0:08:00,0:06:00,,,10,10,2018-03-12,b36a8f2d,e2311868,n
50059098,-1409763125903988144-1803112229-25,S,p,801539,S,38377,S38377,3,8000191,0:16:00,0:16:00,,,7,7,2018-03-12,8a2e24a8,e2311868,n
50059099,-8203578369052827954-1803111818-14,F,p,80,ICE,877,ICE877,,8000191,0:22:00,0:22:00,,,2,2,2018-03-12,84bcdb05,e2311868,n
50059100,-5097465048426229650-1803120030-1,S,p,A6S71,S,85122,S85122,71,8000191,,,0:30:00,0:30:00,8,8,2018-03-12,ee164878,e2311868,n
50059101,-855044866710088192-1803120053-1,S,p,A6S32,S,85125,S85125,32,8000191,,,0:53:00,0:53:00,10,10,2018-03-12,f2d9805e,e2311868,n
50059102,2902131856938566601-1803120015-1,N,p,801518,RB,38892,RB38892,2,8000191,,,0:15:00,0:15:00,4,4,2018-03-12,d85eef5e,e2311868,n
50059103,3734376536019631240-1803120011-13,S,p,A6S71,S,85125,S85125,71,8000191,0:52:00,0:52:00,,,10,10,2018-03-12,ca69cc82,e2311868,n
50059104,-8949090213117616639-1803120013-1,S,p,801539,S,38200,S38200,3,8000191,,,0:13:00,0:15:00,5,5,2018-03-12,b38a72ac,e2311868,n
50059105,-6951343902247105093-1803112323-8,N,p,8006C5,RE,17002,RE17002,,8000191,0:07:00,0:07:00,,,6,6,2018-03-12,d602f1e3,e2311868,n
50068295,8849850357444188253-1803112018-13,F,p,80,ICE,879,ICE879,,8000191,1:54:00,3:12:00,,,2,2,2018-03-12,6f69ba83,e2311868,n
50068296,3777729162778341596-1803112313-6,F,p,80,IC,208,IC208,,8000191,1:27:00,1:27:00,1:30:00,1:30:00,3,8,2018-03-12,1664d8e3,e2311868,n
50068297,-7270965197440929462-1803112058-19,F,p,80,ICE,619,ICE619,,8000191,1:56:00,1:56:00,2:11:00,2:11:00,10,10,2018-03-12,58908745,e2311868,n
50068298,4418311892243850123-1803112337-19,N,p,801518,RB,38889,RB38889,2,8000191,1:08:00,1:08:00,,,4,4,2018-03-12,4e3b3c5d,e2311868,n
50068299,9165127477183369606-1803120019-17,N,p,800619,RE,19556,RE19556,,8000191,1:37:00,1:45:00,,,14,14,2018-03-12,4515c319,e2311868,n
50068300,615799156828728797-1803112351-25,S,p,801539,S,38383,S38383,3,8000191,1:18:00,1:18:00,,,7,7,2018-03-12,8a2e24a8,e2311868,n
50071600,7479964783882811425-1803120106-21,S,p,801539,S,38385,S38385,3,8000191,2:22:00,2:22:00,,,5,5,2018-03-12,fa2220e4,e2311868,n
50071602,-1059874891826821453-1803120120-18,S,p,A6S32,S,85128,S85128,32,8000191,2:09:00,2:09:00,,,6,1,2018-03-12,356993ad,e2311868,n
50071603,-8066039335937627042-1803120125-13,S,p,A6S71,S,85183,S85183,71,8000191,2:07:00,2:07:00,,,9,9,2018-03-12,a3cd8799,e2311868,n
50072114,9165793817197522030-1803120328-1,S,p,801539,S,38100,S38100,1,8000191,,,3:28:00,3:29:00,10,10,2018-03-12,76e61196,e2311868,n
50072115,2686007473625185344-1803120001-11,F,p,80,ICE,618,ICE618,,8000191,3:37:00,3:56:00,3:49:00,4:02:00,7,7,2018-03-12,b33eb74c,e2311868,n
50073177,-6730759545594176584-1803120455-1,N,p,800647,RE,17301,RE17301,,8000191,,,4:55:00,4:56:00,6,6,2018-03-12,a15ff4c1,e2311868,n
50073178,9170315438423023593-1803120419-1,S,p,801539,S,38302,S38302,3,8000191,,,4:19:00,4:19:00,8,8,2018-03-12,786b7dad,e2311868,n
50073179,-5936166140252434835-1803111837-21,F,p,80,IC,209,IC209,,8000191,4:01:00,4:18:00,4:03:00,4:21:00,2,2,2018-03-12,749e825c,e2311868,n
50073180,-5698204075420267244-1803120430-1,N,p,801566,RB,12402,RB12402,51,8000191,,,4:30:00,4:30:00,1,1,2018-03-12,ad8da45f,e2311868,n
50073181,-2573204773531203231-1803120445-1,S,p,801539,S,38304,S38304,3,8000191,,,4:45:00,4:45:00,8,8,2018-03-12,3a942e0c,e2311868,n
50073182,8753772669627028883-1803120431-1,N,p,801518,RB,38802,RB38802,2,8000191,,,4:31:00,4:37:00,4,2,2018-03-12,15fa6082,e2311868,n
50073183,5787275583141591298-1803120455-1,F,p,80,IC,2291,IC2291,,8000191,,,4:55:00,4:55:00,7,7,2018-03-12,307416e6,e2311868,n
50073184,9066812075547769863-1803120407-13,S,p,801539,S,38305,S38305,3,8000191,4:52:00,4:52:00,,,5,5,2018-03-12,434d2c29,e2311868,n
50082672,-2491282634168765600-1803120516-1,S,p,801539,S,38384,S38384,3,8000191,,,5:16:00,5:16:00,5,5,2018-03-12,e28c64d3,e2311868,n
50082673,-1655103120893981287-1803120504-1,N,p,801518,RB,38804,RB38804,2,8000191,,,5:04:00,5:04:00,4,8,2018-03-12,985e23fd,e2311868,n
50082674,3123251000670217728-1803120427-17,N,p,801566,RB,12433,RB12433,51,8000191,5:34:00,5:36:00,,,1,1,2018-03-12,4b17d113,e2311868,n
50082675,7490462985378875830-1803120530-1,N,p,801518,RB,38808,RB38808,2,8000191,,,5:30:00,5:31:00,3,2,2018-03-12,985e23fd,e2311868,n
50082676,-1946873733164925617-1803112045-12,,p,81,NJ,401,NJ401,,8000191,5:07:00,5:07:00,5:09:00,5:09:00,2,2,2018-03-12,41cd3692,e2311868,n
50082677,-2642213134262935665-1803120555-1,F,p,80,ICE,3,ICE3,,8000191,,,5:55:00,5:55:00,2,2,2018-03-12,7e9baf23,e2311868,n
50082678,6086133246258553893-1803112056-12,,p,81,NJ,471,NJ471,,8000191,5:07:00,5:07:00,5:09:00,5:09:00,2,2,2018-03-12,3300826a,e2311868,n
50082679,980770417235498040-1803120530-1,S,p,A6S4,S,85301,S85301,4,8000191,,,5:30:00,5:32:00,14,14,2018-03-12,f04380e5,e2311868,n
50082680,2122586355309909915-1803120550-1,N,p,801518,RB,38810,RB38810,2,8000191,,,5:50:00,5:50:00,3,5,2018-03-12,985e23fd,e2311868,n
50082681,-4713683651810842390-1803120559-1,F,p,80,IC,2363,IC2363,,8000191,,,5:59:00,5:59:00,7,7,2018-03-12,34c1e5d7,e2311868,n
50082682,7422803593756609492-1803120412-5,F,p,80,ICE,874,ICE874,,8000191,5:52:00,5:55:00,5:58:00,5:58:00,4,3,2018-03-12,1c7fd79b,e2311868,n
50082683,8890417878515396968-1803120518-1,N,p,801566,RB,12452,RB12452,54,8000191,,,5:18:00,5:20:00,1,1,2018-03-12,f45a4ae6,e2311868,n
50082684,561494347766480388-1803120500-1,F,p,80,ICE,696,ICE696,,8000191,,,5:00:00,5:00:00,3,3,2018-03-12,a4f793a0,e2311868,n
50082685,2185359476653172054-1803120447-12,N,p,800647,RE,17300,RE17300,,8000191,5:40:00,5:41:00,,,9,9,2018-03-12,89191255,e2311868,n
50082686,5558869833972278159-1803120515-6,S,p,A6S31,S,85022,S85022,31,8000191,5:39:00,5:39:00,,,13,13,2018-03-12,64ef9a07,e2311868,n
50082687,2273345900432181579-1803120548-1,S,p,801539,S,38306,S38306,3,8000191,,,5:48:00,5:48:00,8,8,2018-03-12,ce9cec64,e2311868,n
50082688,4880622766045812092-1803120518-1,S,p,A6S71,S,85162,S85162,71,8000191,,,5:18:00,5:20:00,6,6,2018-03-12,90ca6b06,e2311868,n
50082689,29964651566548086-1803120450-13,N,p,801518,RB,38801,RB38801,2,8000191,5:42:00,5:42:00,,,3,5,2018-03-12,f2329988,e2311868,n
50082690,1030190176980813117-1803120554-1,S,p,A6S5,S,85017,S85017,5,8000191,,,5:54:00,5:54:00,13,13,2018-03-12,f0e971d2,e2311868,n
50082691,-7392604505060231482-1803120544-1,N,p,800619,RE,19521,RE19521,,8000191,,,5:44:00,5:45:00,10,10,2018-03-12,916b4365,e2311868,n
50109703,342332073205743154-1803120546-12,N,p,800647,RE,17302,RE17302,,8000191,6:39:00,6:41:00,,,6,6,2018-03-12,89191255,e2311868,n
50109704,-368197478345468412-1803120030-12,F,p,80,ICE,271,ICE271,,8000191,6:56:00,6:57:00,6:58:00,7:00:00,2,2,2018-03-12,a8a978f5,e2311868,n
50109705,7621663646109683651-1803120632-1,N,p,8015RP,RE,38816,RE38816,2,8000191,,,6:32:00,6:33:00,2,2,2018-03-12,86a62a22,e2311868,n
50109706,-354745207899279396-1803120628-1,S,p,A6S31,S,85031,S85031,31,8000191,,,6:28:00,6:28:00,10,10,2018-03-12,c9923909,e2311868,n
50109707,-8762643421841203044-1803120658-1,F,p,80,IC,2367,IC2367,,8000191,,,6:58:00,6:58:00,8,8,2018-03-12,34c1e5d7,e2311868,n
50109708,-7945809124591196131-1803120519-17,N,p,800619,RE,19520,RE19520,,8000191,6:40:00,6:40:00,,,11,11,2018-03-12,4515c319,e2311868,n
50109709,-6746067885214654627-1803120549-16,S,p,A6S31,S,85028,S85028,31,8000191,6:38:00,6:42:00,,,4,2,2018-03-12,c00c7257,e2311868,n
50109710,5073949255175885896-1803120655-1,N,p,801518,RB,38818,RB38818,2,8000191,,,6:55:00,6:55:00,5,5,2018-03-12,e5339fc5,e2311868,n
50109711,2335228601342591197-1803120651-1,F,p,80,ICE,674,ICE674,,8000191,,,6:51:00,6:51:00,3,3,2018-03-12,a6afa46e,e2311868,n
50109712,68762000312359299-1803120641-1,N,p,801591,RE,12002,RE12002,6,8000191,,,6:41:00,6:42:00,1,1,2018-03-12,19ffbbca,e2311868,n
50109713,100208771150159392-1803120654-1,S,p,801539,S,38314,S38314,3,8000191,,,6:54:00,7:15:00,7,7,2018-03-12,786b7dad,0b84f09f,c
50109714,2218978916563865009-1803120601-1,N,p,800619,IRE,19031,IRE19031,,8000191,,,6:01:00,6:01:00,11,11,2018-03-12,eabdb629,e2311868,n
50109715,-7147362973585496261-1803120649-1,N,p,800619,RE,19523,RE19523,,8000191,,,6:49:00,6:49:00,11,11,2018-03-12,cfeed3c3,e2311868,n
50109716,6734949842645718034-1803120600-1,N,p,801566,RB,12404,RB12404,51,8000191,,,6:00:00,6:01:00,1,1,2018-03-12,4ab0367c,e2311868,n
50109717,4319528675539704706-1803120410-31,S,p,801539,S,38307,S38307,3,8000191,6:00:00,6:00:00,,,6,6,2018-03-12,4d17ea50,e2311868,n
50109718,4759271651145668280-1803120615-1,F,p,80,IC,2278,IC2278,,8000191,,,6:15:00,6:15:00,8,8,2018-03-12,ac138e76,e2311868,n
50109719,-4436952948229758505-1803120531-16,S,p,A6S31,S,85026,S85026,31,8000191,6:24:00,6:26:00,,,1,1,2018-03-12,c00c7257,e2311868,n
50109720,3763302419853225706-1803120625-1,S,p,A6S51,S,85026,S85026,51,8000191,,,6:25:00,6:25:00,1,1,2018-03-12,3773700e,e2311868,n
50109721,3819909730783286664-1803120443-24,S,p,A6S81,S,85177,S85177,81,8000191,6:14:00,6:22:00,,,10,10,2018-03-12,185d21d6,e2311868,n
50109722,-8543758115108295178-1803120620-1,S,p,801539,S,38310,S38310,2,8000191,,,6:20:00,6:21:00,6,6,2018-03-12,ac9e1d57,e2311868,n
50109723,8517050469209002437-1803120647-1,S,p,801539,S,38312,S38312,3,8000191,,,6:47:00,6:47:00,5,5,2018-03-12,ce08bfe8,e2311868,n
50109724,6772038715391704498-1803120515-5,F,p,80,ICE,604,ICE604,,8000191,6:58:00,6:58:00,7:00:00,7:01:00,3,3,2018-03-12,58ddd1b4,e2311868,n
50109725,3788372529331122701-1803120545-5,F,p,80,IC,2368,IC2368,,8000191,6:45:00,6:45:00,,,8,8,2018-03-12,6b65cedd,e2311868,n
50109726,-965958333754388831-1803120506-15,N,p,801566,RB,12401,RB12401,51,8000191,6:19:00,6:20:00,,,102,102,2018-03-12,2ed22d2c,e2311868,n
50109727,-2252853717078026089-1803120610-1,S,p,A6S81,S,85204,S85204,81,8000191,,,6:10:00,6:11:00,5,5,2018-03-12,cd424f1e,e2311868,n
50109728,648963309911287016-1803120500-28,S,p,801539,S,38313,S38313,4,8000191,6:44:00,7:15:00,,,7,7,2018-03-12,4390225b,3ca17dbd,c
50109729,-2912212003728965425-1803120500-26,S,p,A6S81,S,85031,S85031,81,8000191,6:05:00,6:07:00,,,10,10,2018-03-12,f2a5ab7b,e2311868,n
50109730,5366165978227776439-1803120558-4,F,p,80,IC,2216,IC2216,,8000191,6:35:00,6:37:00,6:37:00,6:39:00,7,7,2018-03-12,861b356b,e2311868,n
50109731,9169959695698752877-1803120440-9,N,p,801591,RE,12331,RE12331,6,8000191,6:36:00,6:36:00,,,1,1,2018-03-12,76958464,e2311868,n
50109732,4049527924966882020-1803120529-15,N,p,801591,RE,12003,RE12003,6,8000191,6:36:00,6:36:00,,,1,1,2018-03-12,dbf622a6,e2311868,n
50109733,-1449270201539030722-1803120643-1,S,p,A6S81,S,85028,S85028,81,8000191,,,6:43:00,6:43:00,4,4,2018-03-12,985bbb6c,e2311868,n
50109734,3344888193211045561-1803120607-1,N,p,800647,RE,4709,RE4709,,8000191,,,6:07:00,6:07:00,9,9,2018-03-12,a6eafa63,e2311868,n
50109735,4117594351153864918-1803120641-1,N,p,801591,RE,12000,RE12000,6,8000191,,,6:41:00,6:42:00,1,1,2018-03-12,9d458430,e2311868,n
50109736,8368037938447819138-1803120522-13,N,p,801518,RB,38805,RB38805,2,8000191,6:21:00,6:20:00,,,2,2,2018-03-12,f2329988,e2311868,n
50109737,-7964225721421527550-1803120543-11,S,p,801539,S,38311,S38311,3,8000191,6:28:00,6:29:00,,,5,5,2018-03-12,1d84b548,e2311868,n
50109738,-1239433704287675310-1803120613-1,N,p,801518,RB,38814,RB38814,2,8000191,,,6:13:00,6:13:00,3,3,2018-03-12,985e23fd,e2311868,n
50143699,-5955959383129671899-1803120745-1,S,p,A6S81,S,85036,S85036,81,8000191,,,7:45:00,7:45:00,6,6,2018-03-12,e49e6782,e2311868,n
50143700,9022741272013619074-1803120733-1,N,p,801566,RB,12406,RB12406,51,8000191,,,7:33:00,7:33:00,1,1,2018-03-12,7329eec3,e2311868,n
50143701,-7418561559873087014-1803120632-8,N,p,801518,RE,38811,RE38811,2,8000191,7:15:00,7:15:00,,,3,3,2018-03-12,50ad24c7,e2311868,n
50143702,2992248743762516132-1803120616-16,S,p,A6S31,S,85030,S85030,31,8000191,7:06:00,7:06:00,,,5,5,2018-03-12,c00c7257,e2311868,n
50143703,7812746106707801828-1803120647-10,N,p,800640,RE,4471,RE4471,4,8000191,7:52:00,7:59:00,,,5,5,2018-03-12,62c708f6,e2311868,n
50143704,-1375142651585881815-1803120707-1,S,p,A6S81,S,85030,S85030,81,8000191,,,7:07:00,7:07:00,5,5,2018-03-12,a50ccde4,e2311868,n
50143705,-7807716844213475358-1803120745-1,N,p,801518,RB,38822,RB38822,2,8000191,,,7:45:00,8:13:00,3,9,2018-03-12,e8708cef,e2311868,n
50143706,1630609897679123062-1803120524-42,S,p,A6S81,S,85039,S85039,81,8000191,7:28:00,7:32:00,,,14,14,2018-03-12,39922279,e2311868,n
50143707,-6279441676967080968-1803120608-18,N,p,801566,RB,12403,RB12403,51,8000191,7:26:00,7:26:00,,,102,102,2018-03-12,b537cd62,e2311868,n
50143708,-785813635291121296-1803120730-1,S,p,A6S32,S,85039,S85039,32,8000191,,,7:30:00,7:30:00,14,14,2018-03-12,f2d9805e,e2311868,n
50143709,-4866358977203475212-1803120654-2,F,p,80,TGV,9578,TGV9578,,8000191,7:30:00,7:33:00,7:32:00,7:36:00,6,6,2018-03-12,ff14d36d,e2311868,n
50143710,3943273120328066868-1803120610-13,N,p,801518,RB,38809,RB38809,2,8000191,7:05:00,7:09:00,,,2,2,2018-03-12,f2329988,e2311868,n
50143711,3568972465830388743-1803120709-1,S,p,A6S31,S,85035,S85035,31,8000191,,,7:09:00,7:11:00,8,8,2018-03-12,c9923909,e2311868,n
50143712,1658752204082531365-1803120728-1,S,p,801539,S,38318,S38318,3,8000191,,,7:28:00,7:32:00,8,8,2018-03-12,dfe22a27,e2311868,n
50143713,4908297256043723302-1803120627-8,N,p,8006C5,RE,17304,RE17304,,8000191,7:14:00,7:17:00,,,10,10,2018-03-12,d602f1e3,e2311868,n
50143714,-8405261167390359410-1803120604-18,N,p,801566,RB,12427,RB12427,51,8000191,7:26:00,7:26:00,,,102,102,2018-03-12,8108269e,e2311868,n
50143715,-3655142511864185080-1803120722-1,N,p,801518,RB,38820,RB38820,2,8000191,,,7:22:00,7:22:00,3,3,2018-03-12,985e23fd,e2311868,n
50143716,7392674480044105059-1803120629-14,N,p,801591,RE,12007,RE12007,6,8000191,7:53:00,8:00:00,,,1,1,2018-03-12,062ec417,e2311868,n
50143717,5773962682101292686-1803120735-1,N,p,8006C5,RE,17303,RE17303,,8000191,,,7:35:00,7:39:00,10,10,2018-03-12,8ecf3c97,e2311868,n
50143718,-7408991080730517793-1803120717-1,N,p,801591,RE,12006,RE12006,6,8000191,,,7:17:00,7:18:00,102,102,2018-03-12,fe473a95,e2311868,n
50143719,2894731161775493941-1803120612-18,S,p,801539,S,38315,S38315,3,8000191,7:18:00,7:27:00,,,8,8,2018-03-12,864e7d45,e2311868,n
50143720,-5520674202470176336-1803120706-1,F,p,80,IC,2063,IC2063,,8000191,,,7:06:00,7:07:00,10,10,2018-03-12,b2ed20eb,e2311868,n
50143721,-7730899559938984734-1803120647-14,S,p,A6S32,S,85036,S85036,32,8000191,7:44:00,7:45:00,,,6,6,2018-03-12,96871c28,e2311868,n
50143722,-7791246963163384281-1803120554-27,S,p,A6S81,S,85035,S85035,81,8000191,7:07:00,7:07:00,,,8,8,2018-03-12,fb5b98c0,e2311868,n
50143723,2660724804819975745-1803120549-5,F,p,80,ICE,676,ICE676,,8000191,7:31:00,7:35:00,,,3,3,2018-03-12,a67990a2,e2311868,n
50143724,-8504541880294850030-1803120647-11,S,p,801539,S,38317,S38317,3,8000191,7:32:00,7:32:00,,,9,9,2018-03-12,1d84b548,e2311868,n
50143725,-4554142996363352815-1803120608-6,F,p,80,ICE,374,ICE374,,8000191,7:58:00,7:59:00,8:00:00,8:04:00,3,7,2018-03-12,f8683114,e2311868,n
50143726,-7172859952559688001-1803120647-13,N,p,801518,RB,38815,RB38815,2,8000191,7:42:00,7:45:00,,,2,1,2018-03-12,f2329988,e2311868,n
50143727,4512537639659358810-1803120442-11,F,p,80,IC,2268,IC2268,,8000191,7:53:00,8:02:00,,,6,6,2018-03-12,0b808829,e2311868,n
50143728,3765292860989413453-1803120648-3,F,p,80,ICE,5,ICE5,,8000191,7:58:00,8:01:00,8:00:00,8:04:00,2,2,2018-03-12,1382f80a,e2311868,n
50143730,7247667009065148788-1803120639-14,S,p,A6S31,S,85032,S85032,31,8000191,7:23:00,7:31:00,,,5,5,2018-03-12,895dd64d,e2311868,n
50143731,-2293708380295905980-1803120704-1,N,p,800647,RE,4713,RE4713,,8000191,,,7:04:00,7:05:00,6,6,2018-03-12,727be246,e2311868,n
50143732,-8945522621353169170-1803120702-1,F,p,80,IC,2376,IC2376,,8000191,,,7:02:00,7:06:00,9,9,2018-03-12,9e3c595c,e2311868,n
50143733,4310197249325017891-1803120626-17,N,p,800619,RE,19522,RE19522,,8000191,7:53:00,7:53:00,,,10,10,2018-03-12,4515c319,e2311868,n
50143734,6324605725110637871-1803120535-19,N,p,800647,RE,4742,RE4742,,8000191,7:50:00,7:52:00,,,12,12,2018-03-12,d4de4fea,e2311868,n
50143735,3815735107019805795-1803120755-1,S,p,801539,S,38320,S38320,4,8000191,,,7:55:00,7:55:00,9,9,2018-03-12,e28c64d3,e2311868,n
50143736,3918142756722792941-1803120741-1,F,p,80,IC,2369,IC2369,,8000191,,,7:41:00,7:41:00,7,7,2018-03-12,34c1e5d7,e2311868,n
50143737,-3771280135209295829-1803120554-14,N,p,801591,RE,12005,RE12005,6,8000191,7:00:00,7:00:00,,,102,102,2018-03-12,77e05227,e2311868,n
50143738,-5856872891230692952-1803120607-27,S,p,801539,S,38203,S38203,3,8000191,7:50:00,7:58:00,,,8,8,2018-03-12,79110967,e2311868,n
50143739,-3495928060949042493-1803120557-30,S,p,801539,S,38319,S38319,3,8000191,7:50:00,7:58:00,,,8,8,2018-03-12,d3c0afad,e2311868,n
50176499,-7900467573711471140-1803120809-1,N,p,800647,RE,4715,RE4715,,8000191,,,8:09:00,8:10:00,12,12,2018-03-12,727be246,e2311868,n
50176500,6326609807835184267-1803120817-1,S,p,A6S5,S,85571,S85571,5,8000191,,,8:17:00,8:17:00,10,10,2018-03-12,6bc49d58,e2311868,n
50176501,-3149424685665657431-1803120722-17,N,p,800619,RE,19526,RE19526,,8000191,8:42:00,8:43:00,,,11,11,2018-03-12,4515c319,e2311868,n
50176502,2211303115698676428-1803120522-22,N,p,800647,RE,4704,RE4704,,8000191,8:39:00,8:43:00,,,14,14,2018-03-12,6dcc27e8,e2311868,n
50176503,-3784469946696803015-1803120744-13,N,p,801518,RB,38821,RB38821,2,8000191,8:37:00,8:37:00,,,2,2,2018-03-12,f2329988,e2311868,n
50176504,-8834439611932572689-1803120850-1,S,p,A6S32,S,85189,S85189,32,8000191,,,8:50:00,8:50:00,8,8,2018-03-12,f2d9805e,e2311868,n
50176505,-508151058757607646-1803120713-6,F,p,80,ICE,202,ICE202,,8000191,8:58:00,9:03:00,9:00:00,9:07:00,3,3,2018-03-12,b8a896ba,e2311868,n
50176506,4160130328725531129-1803120716-13,N,p,801518,RB,38817,RB38817,2,8000191,8:13:00,8:13:00,,,3,2,2018-03-12,f2329988,e2311868,n
50176507,6444204556530743871-1803120833-1,N,p,801591,RB,12438,RB12438,51,8000191,,,8:33:00,8:33:00,102,102,2018-03-12,7329eec3,e2311868,n
50176508,6068602557672944179-1803120811-1,S,p,A6S31,S,85129,S85129,31,8000191,,,8:11:00,8:12:00,14,14,2018-03-12,c9923909,e2311868,n
50176509,-7193659775195819567-1803120600-9,F,p,80,IC,2261,IC2261,,8000191,8:04:00,8:08:00,8:06:00,8:11:00,7,7,2018-03-12,8d7955c8,e2311868,n
50176510,-7497606302954308845-1803120700-11,N,p,801591,RE,12013,RE12013,6,8000191,8:03:00,8:04:00,,,102,102,2018-03-12,18fb9418,e2311868,n
50176511,8735574551800398555-1803120537-9,F,p,80,ICE,101,ICE101,,8000191,8:58:00,9:33:00,9:00:00,9:35:00,2,2,2018-03-12,c16daf73,1809989d,n
50176512,-8160985285898732989-1803120600-6,F,p,85,ICE,78,ICE78,,8000191,8:49:00,8:52:00,8:51:00,8:55:00,3,3,2018-03-12,96d1371f,e2311868,n
50176513,5511417710171772002-1803120803-16,S,p,A6S31,S,85044,S85044,31,8000191,8:48:00,8:52:00,,,13,13,2018-03-12,c00c7257,e2311868,n
50176514,-362804011026588520-1803120658-3,F,p,80,ICE,9568,ICE9568,,8000191,8:05:00,8:07:00,8:07:00,8:09:00,2,2,2018-03-12,0a774f72,e2311868,n
50176516,-445442059672292279-1803120809-6,N,p,801591,RE,12015,RE12015,6,8000191,8:54:00,8:55:00,,,102,102,2018-03-12,941735b1,e2311868,n
50176517,6365727839651983627-1803120537-11,F,p,80,IC,2164,IC2164,,8000191,8:53:00,8:57:00,,,9,9,2018-03-12,c6c4cb97,e2311868,n
50176518,-4821959338722275884-1803120520-8,N,p,8006C5,RE,17308,RE17308,,8000191,8:21:00,8:21:00,,,14,14,2018-03-12,d602f1e3,e2311868,n
50176519,6061588582050922800-1803120535-39,S,p,801539,S,38327,S38327,3,8000191,8:33:00,8:34:00,,,5,5,2018-03-12,328208ea,e2311868,n
50176520,7692655955571390362-1803120828-1,S,p,801539,S,38322,S38322,3,8000191,,,8:28:00,8:31:00,7,7,2018-03-12,dfe22a27,e2311868,n
50176521,-8039209595279107068-1803120622-32,S,p,801539,S,38329,S38329,3,8000191,8:58:00,9:03:00,,,8,8,2018-03-12,2fff912e,e2311868,n
50176522,-6091389668037576010-1803120718-16,S,p,A6S32,S,85040,S85040,32,8000191,8:05:00,8:09:00,,,6,13,2018-03-12,57be5c22,e2311868,n
50176524,2073958488551051157-1803120630-20,S,p,A6S81,S,85189,S85189,81,8000191,8:49:00,8:51:00,,,8,8,2018-03-12,6c11d674,e2311868,n
50176525,-6445548924370928971-1803120805-1,N,p,801591,RE,12008,RE12008,6,8000191,,,8:05:00,8:07:00,1,1,2018-03-12,a34c02d2,e2311868,n
50176526,-3438590809830293559-1803120800-9,S,p,A6S31,S,85042,S85042,31,8000191,8:28:00,8:28:00,,,13,13,2018-03-12,7c9fc240,e2311868,n
50176527,-2675523624213020440-1803120805-1,N,p,800619,IRE,19035,IRE19035,,8000191,,,8:05:00,8:06:00,10,10,2018-03-12,eabdb629,e2311868,n
50176528,-5181307804424713657-1803120858-1,S,p,801539,S,38324,S38324,4,8000191,,,8:58:00,8:58:00,5,5,2018-03-12,15c22522,e2311868,n
50176529,5577555307593270446-1803120824-9,S,p,A6S71,S,85181,S85181,71,8000191,8:56:00,9:01:00,,,12,12,2018-03-12,4d02d6a0,e2311868,n
50176530,3712176890692177489-1803120808-1,N,p,800640,RE,4470,RE4470,4,8000191,,,8:08:00,8:09:00,5,5,2018-03-12,d6c8f7ab,e2311868,n
50176531,1676253403220661694-1803120600-44,S,p,A6S81,S,85571,S85571,81,8000191,8:16:00,8:16:00,,,10,10,2018-03-12,2d1f877c,e2311868,n
50176532,-8701406696819351533-1803120843-1,S,p,A6S81,S,85042,S85042,81,8000191,,,8:43:00,8:43:00,13,13,2018-03-12,1f7a65d6,e2311868,n
50176533,6540630339462160492-1803120825-1,N,p,801518,RB,38824,RB38824,2,8000191,,,8:25:00,8:26:00,3,2,2018-03-12,985e23fd,e2311868,n
50176534,1584393779440277922-1803120602-34,S,p,801539,S,38325,S38325,3,8000191,8:11:00,8:17:00,,,7,7,2018-03-12,f905882d,e2311868,n
50176535,732071843326766437-1803120459-16,F,p,80,IC,2273,IC2273,,8000191,8:50:00,8:57:00,,,6,6,2018-03-12,7d774838,e2311868,n
50176536,-4406027461844110611-1803120718-19,N,p,801566,RB,12405,RB12405,51,8000191,8:27:00,8:28:00,,,1,1,2018-03-12,2cea2d32,e2311868,n
50208257,-8936153795531521852-1803120851-6,S,p,A6S31,S,85046,S85046,31,8000191,9:12:00,9:12:00,,,9,9,2018-03-12,64ef9a07,e2311868,n
50208258,598229280370137366-1803120806-20,N,p,801591,RB,12441,RB12441,51,8000191,9:27:00,9:28:00,,,1,1,2018-03-12,81327c3a,e2311868,n
50208259,7101730598981576327-1803120950-1,S,p,A6S32,S,85051,S85051,32,8000191,,,9:50:00,9:50:00,13,13,2018-03-12,f2d9805e,e2311868,n
50208260,-1430852389260764938-1803120900-6,N,p,800619,IRE,19030,IRE19030,,8000191,9:53:00,9:55:00,,,10,10,2018-03-12,b36a8f2d,e2311868,n
50208262,8877134481212521389-1803120419-13,F,p,80,ICE,275,ICE275,,8000191,9:58:00,9:58:00,10:00:00,10:00:00,2,2,2018-03-12,26ffdc1c,e2311868,n
50208263,7647984459342534545-1803120906-1,N,p,801591,RE,12012,RE12012,6,8000191,,,9:06:00,9:06:00,1,1,2018-03-12,9d7ae501,e2311868,n
50208264,3538447596943178203-1803120906-1,F,p,80,IC,2065,IC2065,,8000191,,,9:06:00,9:09:00,10,10,2018-03-12,42ca1e43,e2311868,n
50208265,-1164230700597445784-1803120749-25,S,p,801539,S,38379,S38379,3,8000191,9:36:00,9:40:00,,,5,5,2018-03-12,71145287,e2311868,n
50208266,2025706722237645507-1803120751-28,S,p,A6S4,S,85300,S85300,4,8000191,9:40:00,9:45:00,,,11,11,2018-03-12,191b7e00,e2311868,n
50208268,8125744160580919359-1803120823-13,S,p,A6S81,S,85191,S85191,81,8000191,9:49:00,9:50:00,,,9,9,2018-03-12,b75366a6,e2311868,n
50208269,6009448650209839774-1803120643-10,F,p,80,IC,2266,IC2266,,8000191,9:53:00,10:00:00,,,5,8,2018-03-12,26471473,e2311868,n
50208270,-3308880572409058960-1803120808-26,S,p,A6S81,S,85047,S85047,81,8000191,9:15:00,9:15:00,,,14,14,2018-03-12,f2a5ab7b,e2311868,n
50208271,8842811786533492150-1803120909-6,N,p,801591,RE,12017,RE12017,6,8000191,9:54:00,9:59:00,,,102,102,2018-03-12,941735b1,e2311868,n
50208272,8457516456414739790-1803120910-1,S,p,A6S31,S,85045,S85045,31,8000191,,,9:10:00,9:12:00,13,13,2018-03-12,c9923909,e2311868,n
50208273,-5027677489128283880-1803120837-13,N,p,801518,RB,38827,RB38827,2,8000191,9:32:00,9:38:00,,,2,2,2018-03-12,f2329988,e2311868,n
50208274,-114138513036668206-1803120640-3,F,p,87,ICE,9571,ICE9571,,8000191,9:08:00,9:15:00,9:11:00,9:19:00,3,3,2018-03-12,bb38db84,e2311868,n
50208275,-1823494891985740898-1803120909-1,N,p,800647,RE,4719,RE4719,,8000191,,,9:09:00,9:09:00,14,14,2018-03-12,7df26855,e2311868,n
50208276,8863321326480173272-1803120840-18,S,p,A6S32,S,85048,S85048,32,8000191,9:28:00,9:28:00,,,9,9,2018-03-12,356993ad,e2311868,n
50208277,-4581253566781454287-1803120720-3,F,p,87,TGV,9561,TGV9561,,8000191,9:52:00,9:55:00,9:55:00,9:56:00,3,3,2018-03-12,ced0a11b,e2311868,n
50208278,-5352273835491635895-1803120801-3,,p,80TRI,ECE,151,ECE151,,8000191,9:08:00,9:10:00,9:10:00,9:14:00,2,2,2018-03-12,64c7588e,e2311868,n
50208279,445704191116652172-1803120928-1,S,p,801539,S,38326,S38326,3,8000191,,,9:28:00,9:28:00,8,8,2018-03-12,dfe22a27,e2311868,n
50208280,5737891863628718438-1803120623-5,F,p,80,TGV,9576,TGV9576,,8000191,9:30:00,9:31:00,9:32:00,9:35:00,6,6,2018-03-12,eeb77abe,e2311868,n
50208281,-4836057954011978827-1803120913-1,S,p,A6S81,S,85046,S85046,81,8000191,,,9:13:00,9:13:00,9,9,2018-03-12,5ffd0201,e2311868,n
50208282,-4594919991953702535-1803120919-1,N,p,800619,RE,19527,RE19527,,8000191,,,9:19:00,9:19:00,11,11,2018-03-12,916b4365,e2311868,n
50208283,453952815272691687-1803120903-16,S,p,A6S31,S,85050,S85050,31,8000191,9:48:00,9:49:00,,,5,6,2018-03-12,c00c7257,e2311868,n
50208284,-5963152779556178349-1803120855-4,S,p,A6S5,S,85004,S85004,5,8000191,9:21:00,9:22:00,,,7,7,2018-03-12,4e1aa24c,e2311868,n
50208285,8054547070521763430-1803120600-12,F,p,85,ICE,372,ICE372,,8000191,9:58:00,10:00:00,10:00:00,10:03:00,3,3,2018-03-12,a74b0804,e2311868,n
50208286,-8910962796383656453-1803120924-7,S,p,A6S81,S,85051,S85051,81,8000191,9:46:00,9:48:00,,,13,14,2018-03-12,a2955bfd,e2311868,n
50208287,-6463454402910529958-1803120925-1,N,p,801518,RB,38828,RB38828,2,8000191,,,9:25:00,9:26:00,3,3,2018-03-12,985e23fd,e2311868,n
50208288,-7357241754404858444-1803120905-1,F,p,80,IC,2374,IC2374,,8000191,,,9:05:00,9:08:00,7,7,2018-03-12,455b3476,e2311868,n
50208289,-1507596796766428499-1803120813-10,N,p,800640,RE,4473,RE4473,4,8000191,9:52:00,9:55:00,,,1,1,2018-03-12,d37c0e1b,e2311868,n
50208290,-8989009020039060342-1803120640-24,N,p,800647,RE,4708,RE4708,,8000191,9:49:00,9:51:00,,,7,7,2018-03-12,154aeb88,e2311868,n
50208291,-8409812995695484863-1803120933-1,N,p,801591,RB,12442,RB12442,51,8000191,,,9:33:00,9:33:00,1,1,2018-03-12,7329eec3,e2311868,n
50237147,2212870370070551367-1803120849-25,S,p,801539,S,38333,S38333,3,8000191,10:32:00,10:32:00,,,6,6,2018-03-12,71145287,e2311868,n
50237148,-1643869275189274436-1803120920-18,S,p,A6S32,S,85176,S85176,32,8000191,10:11:00,10:13:00,,,6,6,2018-03-12,356993ad,e2311868,n
50237149,-7171281623777296499-1803121050-1,S,p,A6S32,S,85521,S85521,32,8000191,,,10:50:00,10:50:00,8,8,2018-03-12,f2d9805e,e2311868,n
50237150,8086120211227592535-1803121028-1,S,p,801539,S,38328,S38328,3,8000191,,,10:28:00,10:28:00,10,10,2018-03-12,dfe22a27,e2311868,n
50237151,1504705759669347916-1803121010-1,S,p,A6S31,S,85049,S85049,31,8000191,,,10:10:00,10:10:00,11,11,2018-03-12,c9923909,e2311868,n
50237152,5523309501081124407-1803120739-11,F,p,80,IC,2162,IC2162,,8000191,10:53:00,10:54:00,,,9,9,2018-03-12,c6c4cb97,e2311868,n
50237153,2507294090725278391-1803121025-1,N,p,801518,RB,38832,RB38832,2,8000191,,,10:25:00,10:26:00,3,3,2018-03-12,985e23fd,e2311868,n
50237154,3111310063298862757-1803120735-22,N,p,800647,RE,4710,RE4710,,8000191,10:49:00,10:54:00,,,12,12,2018-03-12,af92f755,e2311868,n
50237155,-1810961569118299205-1803120800-6,F,p,85,ICE,76,ICE76,,8000191,10:49:00,10:52:00,10:51:00,10:54:00,3,3,2018-03-12,96d1371f,e2311868,n
50237156,3424634947591712361-1803121033-1,N,p,801566,RB,12408,RB12408,51,8000191,,,10:33:00,10:33:00,1,1,2018-03-12,7329eec3,e2311868,n
50237158,-1281310485800898696-1803121013-1,S,p,A6S81,S,85176,S85176,81,8000191,,,10:13:00,10:13:00,6,6,2018-03-12,1f7a65d6,e2311868,n
50237159,6170181342245214974-1803121024-7,S,p,A6S81,S,85521,S85521,81,8000191,10:46:00,10:49:00,,,8,8,2018-03-12,23a83795,e2311868,n
50237160,4793435667988825303-1803120916-19,N,p,801566,RB,12407,RB12407,51,8000191,10:27:00,10:27:00,,,102,102,2018-03-12,2cea2d32,e2311868,n
50237161,-8449151848761023961-1803121010-1,S,p,A6S81,S,85190,S85190,81,8000191,,,10:10:00,10:11:00,9,9,2018-03-12,5f851f97,e2311868,n
50237162,-3912565184509663526-1803121008-1,N,p,800640,RE,4472,RE4472,4,8000191,,,10:08:00,10:09:00,1,1,2018-03-12,d6c8f7ab,e2311868,n
50237163,-4369441099559353203-1803120937-13,N,p,801518,RB,38831,RB38831,2,8000191,10:32:00,10:32:00,,,2,2,2018-03-12,f2329988,e2311868,n
50237164,3080142902554602440-1803120941-7,N,p,801591,RE,12019,RE12019,6,8000191,10:54:00,10:55:00,,,1,1,2018-03-12,80380c19,e2311868,n
50237165,-6039897777802768489-1803120913-5,F,p,80,ICE,200,ICE200,,8000191,10:58:00,10:58:00,11:00:00,11:01:00,3,3,2018-03-12,079de5ef,e2311868,n
50237166,4494602737162442408-1803120540-15,F,p,80,ICE,103,ICE103,,8000191,10:58:00,11:10:00,11:00:00,11:12:00,2,2,2018-03-12,66f1a1dc,e2311868,n
50237167,-109000605698583854-1803121009-1,N,p,800647,RE,4721,RE4721,,8000191,,,10:09:00,10:09:00,7,7,2018-03-12,727be246,e2311868,n
50237169,-1970210630990453687-1803120919-17,N,p,800619,RE,19530,RE19530,,8000191,10:42:00,10:42:00,,,11,11,2018-03-12,4515c319,e2311868,n
50237170,62283747465640169-1803121003-16,S,p,A6S31,S,85054,S85054,31,8000191,10:48:00,10:48:00,,,13,13,2018-03-12,c00c7257,e2311868,n
50237171,-2604484043704653452-1803121005-1,N,p,800619,IRE,19037,IRE19037,,8000191,,,10:05:00,10:05:00,10,10,2018-03-12,eabdb629,e2311868,n
50237172,-8475283828357659937-1803120558-18,F,p,80,IC,2271,IC2271,,8000191,10:50:00,10:50:00,,,6,6,2018-03-12,2edf314e,e2311868,n
50237173,5799891113170744337-1803121006-1,N,p,801591,RE,12014,RE12014,6,8000191,,,10:06:00,10:06:00,102,102,2018-03-12,e77ac3d7,e2311868,n
50265936,4456593497700640037-1803121059-6,N,p,800619,IRE,19032,IRE19032,,8000191,11:53:00,11:55:00,,,9,9,2018-03-12,b36a8f2d,e2311868,n
50265937,9028525417583405518-1803121013-5,F,p,80,ICE,370,ICE370,,8000191,11:58:00,12:10:00,12:00:00,12:12:00,3,3,2018-03-12,7e35a1e4,1b2bf509,n
50265938,-6689414255527823071-1803121055-4,S,p,A6S5,S,85094,S85094,5,8000191,11:25:00,11:25:00,,,8,8,2018-03-12,4e1aa24c,e2311868,n
50265939,6953325917382083277-1803121016-19,N,p,801591,RB,12447,RB12447,51,8000191,11:27:00,11:28:00,,,1,1,2018-03-12,2cea2d32,e2311868,n
50265940,5819628444474350189-1803121110-1,S,p,A6S31,S,85053,S85053,31,8000191,,,11:10:00,11:10:00,13,13,2018-03-12,c9923909,e2311868,n
50265941,-7741143549106154167-1803121125-1,N,p,801518,RB,38836,RB38836,2,8000191,,,11:25:00,11:26:00,3,3,2018-03-12,985e23fd,e2311868,n
50265942,-3167538592675954681-1803121103-16,S,p,A6S31,S,85058,S85058,31,8000191,11:48:00,11:49:00,,,8,8,2018-03-12,c00c7257,e2311868,n
50265943,1351798244528846884-1803120949-25,S,p,801539,S,38335,S38335,3,8000191,11:32:00,11:32:00,,,9,9,2018-03-12,71145287,e2311868,n
50265944,6964671423424976254-1803121128-1,S,p,801539,S,38330,S38330,3,8000191,,,11:28:00,11:28:00,7,7,2018-03-12,dfe22a27,e2311868,n
50265945,2589025876948184653-1803120840-23,N,p,800647,RE,4712,RE4712,,8000191,11:49:00,11:50:00,,,6,6,2018-03-12,f68b10d5,e2311868,n
50265946,3614216414122930054-1803121124-7,S,p,A6S81,S,85201,S85201,81,8000191,11:46:00,11:49:00,,,12,12,2018-03-12,a2955bfd,e2311868,n
50265947,4539981882888168550-1803121133-1,N,p,801591,RB,12444,RB12444,51,8000191,,,11:33:00,11:33:00,102,102,2018-03-12,7329eec3,e2311868,n
50265948,1817481756781611586-1803120618-13,F,p,80,ICE,277,ICE277,,8000191,11:58:00,11:58:00,12:00:00,12:09:00,2,2,2018-03-12,69be873a,23d44df3,c
50265949,1367865517950810429-1803121020-18,S,p,A6S32,S,85052,S85052,32,8000191,11:11:00,11:11:00,,,6,6,2018-03-12,356993ad,e2311868,n
50265950,-113756971786229411-1803121106-1,F,p,80,IC,2067,IC2067,,8000191,,,11:06:00,11:06:00,10,10,2018-03-12,42ca1e43,e2311868,n
50265951,388993993562936407-1803121150-1,S,p,A6S32,S,85201,S85201,32,8000191,,,11:50:00,11:50:00,12,12,2018-03-12,f2d9805e,e2311868,n
50265952,7152046210696401911-1803120423-19,F,p,80,EC,7,EC7,,8000191,11:47:00,12:04:00,11:49:00,12:06:00,2,5,2018-03-12,65f507ff,e2311868,n
50265953,-3768143671440151201-1803121106-1,N,p,801591,RE,12350,RE12350,6,8000191,,,11:06:00,11:06:00,1,1,2018-03-12,58092470,e2311868,n
50265955,-6409928766874150983-1803121023-12,S,p,A6S81,S,85057,S85057,81,8000191,11:49:00,11:52:00,,,11,11,2018-03-12,00d1bf49,e2311868,n
50265956,3913610626410220872-1803121119-1,N,p,800619,RE,19531,RE19531,,8000191,,,11:19:00,11:22:00,11,11,2018-03-12,916b4365,e2311868,n
50265958,8519796615511964840-1803121113-1,S,p,A6S81,S,85052,S85052,81,8000191,,,11:13:00,11:13:00,6,6,2018-03-12,5ffd0201,e2311868,n
50265959,2650317574306272047-1803121013-10,N,p,800640,RE,4475,RE4475,4,8000191,11:52:00,11:54:00,,,1,1,2018-03-12,d37c0e1b,e2311868,n
50265960,-7118747786727490712-1803121109-6,N,p,801591,RE,12021,RE12021,6,8000191,11:54:00,11:56:00,,,102,102,2018-03-12,941735b1,e2311868,n
50265961,-4799056780509797890-1803121037-13,N,p,801518,RB,38835,RB38835,2,8000191,11:32:00,11:32:00,,,2,2,2018-03-12,f2329988,e2311868,n
50265962,1456862334910851766-1803121106-1,N,p,801591,RE,12016,RE12016,6,8000191,,,11:06:00,11:06:00,1,1,2018-03-12,e77ac3d7,e2311868,n
50265963,4456746908327320726-1803121109-1,N,p,800647,RE,4723,RE4723,,8000191,,,11:09:00,11:09:00,12,12,2018-03-12,7df26855,e2311868,n
50265964,1917585192317811165-1803120603-10,F,p,80,ICE,71,ICE71,,8000191,11:08:00,11:16:00,11:10:00,11:18:00,2,2,2018-03-12,40b01d6b,c4a9254d,n
50265965,231869305111898006-1803121143-1,S,p,A6S81,S,85056,S85056,81,8000191,,,11:43:00,11:45:00,8,8,2018-03-12,859da125,e2311868,n
50265966,-8804312286029960201-1803121054-2,F,p,80,ICE,9574,ICE9574,,8000191,11:30:00,11:37:00,11:32:00,11:42:00,6,6,2018-03-12,ff14d36d,e2311868,n
50265967,2681586560272875900-1803120642-16,F,p,80,IC,1268,IC1268,,8000191,11:53:00,11:54:00,,,5,5,2018-03-12,b28a0759,e2311868,n
50293645,-5952267138273214577-1803121203-16,S,p,A6S31,S,85062,S85062,31,8000191,12:48:00,12:50:00,,,13,13,2018-03-12,c00c7257,e2311868,n
50293647,8927374107221334274-1803120802-11,F,p,84,ICE,105,ICE105,,8000191,12:58:00,12:58:00,13:00:00,13:00:00,2,2,2018-03-12,62218053,e2311868,n
50293648,-1060662069736973994-1803121205-1,N,p,800619,IRE,19039,IRE19039,,8000191,,,12:05:00,12:05:00,9,9,2018-03-12,eabdb629,e2311868,n
50293649,2677562958045670522-1803121000-6,F,p,85,ICE,74,ICE74,,8000191,12:49:00,12:50:00,12:51:00,12:51:00,3,3,2018-03-12,1cf5bd58,e2311868,n
50293650,-5818998491878887950-1803121208-1,N,p,800640,RE,4474,RE4474,4,8000191,,,12:08:00,12:09:00,1,1,2018-03-12,d6c8f7ab,e2311868,n
50293651,7915404290986422683-1803121206-1,N,p,801591,RE,12018,RE12018,6,8000191,,,12:06:00,12:06:00,102,102,2018-03-12,e77ac3d7,e2311868,n
50293652,-387431697158603649-1803120939-11,F,p,80,IC,2160,IC2160,,8000191,12:53:00,12:54:00,,,9,9,2018-03-12,c6c4cb97,e2311868,n
50293653,2649596355399260442-1803121228-1,S,p,801539,S,38332,S38332,3,8000191,,,12:28:00,12:28:00,7,7,2018-03-12,dfe22a27,e2311868,n
50293654,9089424007376975057-1803121213-1,S,p,A6S81,S,85164,S85164,81,8000191,,,12:13:00,12:13:00,5,5,2018-03-12,1f7a65d6,e2311868,n
50293655,6804448437492515123-1803121116-19,N,p,801591,RB,12449,RB12449,51,8000191,12:27:00,12:27:00,,,1,1,2018-03-12,2cea2d32,e2311868,n
50293656,5865813322195952361-1803121210-1,S,p,A6S81,S,85192,S85192,81,8000191,,,12:10:00,12:10:00,11,11,2018-03-12,5f851f97,e2311868,n
50293657,405175896338107871-1803121120-18,S,p,A6S32,S,85164,S85164,32,8000191,12:11:00,12:11:00,,,5,5,2018-03-12,356993ad,e2311868,n
50293659,-5807338429430610714-1803121119-17,N,p,800619,RE,19534,RE19534,,8000191,12:42:00,12:45:00,,,11,11,2018-03-12,4515c319,e2311868,n
50293660,-2292967538508464374-1803120940-23,N,p,800647,RE,4270,RE4270,,8000191,12:49:00,12:50:00,,,8,8,2018-03-12,b7f04237,e2311868,n
50293661,6451893028452697662-1803121210-1,S,p,A6S32,S,85059,S85059,32,8000191,,,12:10:00,12:11:00,8,8,2018-03-12,f2d9805e,e2311868,n
50293662,-5577524697589233194-1803121141-7,N,p,801591,RE,12023,RE12023,6,8000191,12:54:00,13:01:00,,,1,1,2018-03-12,80380c19,e2311868,n
50293663,-7529900098212311058-1803121224-7,S,p,A6S81,S,85065,S85065,81,8000191,12:46:00,12:47:00,,,12,12,2018-03-12,23a83795,e2311868,n
50293664,1382461201945076493-1803121206-1,F,p,80,IC,2263,IC2263,,8000191,,,12:06:00,12:06:00,7,7,2018-03-12,3ac4e38d,e2311868,n
50293665,-6042199472499679068-1803121225-1,N,p,801518,RB,38840,RB38840,2,8000191,,,12:25:00,12:26:00,5,5,2018-03-12,985e23fd,e2311868,n
50293666,-7280858733464977222-1803121049-25,S,p,801539,S,38337,S38337,3,8000191,12:32:00,12:32:00,,,5,5,2018-03-12,71145287,e2311868,n
50293667,-6005179343401488606-1803121233-1,N,p,801566,RB,12410,RB12410,51,8000191,,,12:33:00,12:33:00,1,1,2018-03-12,7329eec3,e2311868,n
50293668,1307784265419680067-1803121209-1,N,p,800647,RE,4725,RE4725,,8000191,,,12:09:00,12:11:00,6,6,2018-03-12,727be246,e2311868,n
50293669,-6288258783452117668-1803121230-1,S,p,A6S32,S,85061,S85061,32,8000191,,,12:30:00,12:30:00,12,12,2018-03-12,f2d9805e,e2311868,n
50293670,-3793448872420735609-1803121239-1,N,p,8006C5,RE,17309,RE17309,,8000191,,,12:39:00,12:40:00,14,14,2018-03-12,8ecf3c97,e2311868,n
50293671,-4933670799214201742-1803121113-5,F,p,80,ICE,108,ICE108,,8000191,12:58:00,12:58:00,13:00:00,13:00:00,3,3,2018-03-12,079de5ef,10b815f2,n
50293672,8750541946146047904-1803121250-1,S,p,A6S32,S,85065,S85065,32,8000191,,,12:50:00,12:50:00,12,12,2018-03-12,f2d9805e,e2311868,n
50293673,2682049942926301445-1803121210-1,S,p,A6S31,S,80121,S80121,31,8000191,,,12:10:00,12:10:00,8,8,2018-03-12,c9923909,e2311868,n
50293674,4339197881213625478-1803121137-13,N,p,801518,RB,38839,RB38839,2,8000191,12:32:00,12:35:00,,,2,7,2018-03-12,f2329988,e2311868,n
50293675,2722812932935482115-1803121243-1,S,p,A6S81,S,85060,S85060,81,8000191,,,12:43:00,12:44:00,6,6,2018-03-12,985bbb6c,e2311868,n
50323747,6075246142062940293-1803121237-13,N,p,801518,RB,38843,RB38843,2,8000191,13:32:00,13:32:00,,,3,3,2018-03-12,f2329988,e2311868,n
50323748,6467741671241730152-1803120631-18,F,p,80,EC,9,EC9,,8000191,13:47:00,13:50:00,13:49:00,13:53:00,2,2,2018-03-12,2cd8c230,e2311868,n
50323749,-7339846403044309045-1803121303-16,S,p,A6S31,S,85068,S85068,31,8000191,13:48:00,13:50:00,,,8,8,2018-03-12,c00c7257,e2311868,n
50323750,1467458504393544661-1803121213-10,N,p,800640,RE,4477,RE4477,4,8000191,13:52:00,13:56:00,,,1,1,2018-03-12,d37c0e1b,e2311868,n
50323752,-9182779684516902059-1803121310-1,S,p,A6S32,S,85069,S85069,32,8000191,,,13:10:00,13:10:00,13,13,2018-03-12,f2d9805e,e2311868,n
50323753,1943019043375534793-1803121325-1,N,p,801518,RB,38844,RB38844,2,8000191,,,13:25:00,13:26:00,3,3,2018-03-12,985e23fd,e2311868,n
50323754,-244055739958988853-1803121208-26,S,p,A6S81,S,85071,S85071,81,8000191,13:16:00,13:16:00,,,8,8,2018-03-12,f2a5ab7b,e2311868,n
50323755,500620198061018067-1803121306-6,S,p,A6S31,S,85230,S85230,31,8000191,13:28:00,13:28:00,,,9,9,2018-03-12,64ef9a07,e2311868,n
50323756,-1847730465216845350-1803121310-1,F,p,80,IC,2370,IC2370,,8000191,,,13:10:00,13:10:00,7,7,2018-03-12,97e20e11,e2311868,n
50323757,-1593507954410510332-1803121328-1,S,p,801539,S,38334,S38334,3,8000191,,,13:28:00,13:29:00,10,10,2018-03-12,dfe22a27,e2311868,n
50323758,4675010725239198220-1803121223-12,S,p,A6S81,S,85195,S85195,81,8000191,13:50:00,13:54:00,,,13,13,2018-03-12,00d1bf49,e2311868,n
50323759,5422801980542036841-1803120713-10,F,p,80,ICE,73,ICE73,,8000191,13:08:00,13:12:00,13:10:00,13:14:00,2,2,2018-03-12,4a0a0e28,e2311868,n
50323760,-8893783523020943466-1803121350-1,S,p,A6S31,S,80127,S80127,31,8000191,,,13:50:00,13:50:00,11,11,2018-03-12,c9923909,e2311868,n
50323761,6873277407182735383-1803121259-6,N,p,800619,IRE,19034,IRE19034,,8000191,13:53:00,13:53:00,,,9,9,2018-03-12,b36a8f2d,e2311868,n
50323762,-5882438785262491414-1803121319-1,N,p,800619,RE,19535,RE19535,,8000191,,,13:19:00,13:19:00,11,11,2018-03-12,916b4365,e2311868,n
50323763,4829724785315466209-1803121330-1,S,p,A6S32,S,85071,S85071,32,8000191,,,13:30:00,13:31:00,8,8,2018-03-12,f2d9805e,e2311868,n
50323764,-3907436198245885347-1803121309-1,N,p,800647,RE,4727,RE4727,,8000191,,,13:09:00,13:09:00,8,8,2018-03-12,7df26855,e2311868,n
50323765,-7683567555690774537-1803121324-8,S,p,A6S81,S,85073,S85073,81,8000191,13:46:00,13:50:00,,,11,11,2018-03-12,138a970c,e2311868,n
50323766,5515999328189871730-1803121330-1,S,p,A6S31,S,80125,S80125,31,8000191,,,13:30:00,13:30:00,8,8,2018-03-12,c9923909,e2311868,n
50323767,-3326437285161884599-1803121343-1,S,p,A6S81,S,85230,S85230,81,8000191,,,13:43:00,13:43:00,9,9,2018-03-12,859da125,e2311868,n
50323768,4961782681481677440-1803121000-12,F,p,85,ICE,278,ICE278,,8000191,13:58:00,13:58:00,14:00:00,14:00:00,3,3,2018-03-12,a74b0804,e2311868,n
50323769,-6857272315100415692-1803121333-1,N,p,801566,RB,12412,RB12412,51,8000191,,,13:33:00,13:33:00,1,1,2018-03-12,7329eec3,e2311868,n
50323770,-2720553751353103873-1803121040-23,N,p,800647,RE,4714,RE4714,,8000191,13:49:00,15:15:00,,,6,6,2018-03-12,f68b10d5,180682b7,c
50323771,-5535803868378154383-1803121149-25,S,p,801539,S,38339,S38339,3,8000191,13:34:00,13:33:00,,,5,5,2018-03-12,71145287,e2311868,n
50323772,6528092083173867114-1803121220-18,S,p,A6S32,S,85066,S85066,32,8000191,13:12:00,13:12:00,,,5,5,2018-03-12,356993ad,e2311868,n
50323773,2202253074051567344-1803121348-1,N,p,801518,RB,38846,RB38846,2,8000191,,,13:48:00,13:48:00,3,3,2018-03-12,e8708cef,518fdf3b,n
50323774,-3986565891443650840-1803121216-19,N,p,801566,RB,12409,RB12409,51,8000191,13:27:00,13:28:00,,,102,102,2018-03-12,2cea2d32,e2311868,n
50323775,-2295453818061629229-1803121306-1,N,p,801591,RE,12022,RE12022,6,8000191,,,13:06:00,13:11:00,1,1,2018-03-12,60a2483f,e2311868,n
50323776,-518662034719112596-1803121055-3,F,p,87,ICE,9573,ICE9573,,8000191,13:25:00,13:25:00,13:28:00,13:28:00,7,7,2018-03-12,bb38db84,e2311868,n
50323777,-7713083990296574381-1803121305-7,N,p,801591,RE,12025,RE12025,6,8000191,13:54:00,13:55:00,,,102,102,2018-03-12,2f777e3f,e2311868,n
50323778,1112942235253041393-1803121313-1,S,p,A6S81,S,85066,S85066,81,8000191,,,13:13:00,13:13:00,5,5,2018-03-12,084bd9cd,e2311868,n
50323779,2413144441588906758-1803120756-13,F,p,80,IC,1279,IC1279,,8000191,13:58:00,13:58:00,14:00:00,14:00:00,2,2,2018-03-12,f6ed5d07,e2311868,n
50323781,-590543115933868441-1803121350-1,S,p,A6S32,S,85073,S85073,32,8000191,,,13:50:00,13:50:00,11,11,2018-03-12,f2d9805e,e2311868,n
50323782,-3282715040723422241-1803121358-1,S,p,801539,S,38336,S38336,3,8000191,,,13:58:00,13:58:00,5,5,2018-03-12,15c22522,e2311868,n
50323783,-3576512876377089804-1803121306-1,F,p,80,IC,2069,IC2069,,8000191,,,13:06:00,13:06:00,10,10,2018-03-12,c56825bc,e2311868,n
50354178,-7606741885618671894-1803121439-1,N,p,8006C5,RE,17311,RE17311,,8000191,,,14:39:00,14:39:00,3,3,2018-03-12,8ecf3c97,e2311868,n
50354179,8094491808574379119-1803121335-16,S,p,A6S31,S,85072,S85072,31,8000191,14:28:00,14:37:00,,,6,6,2018-03-12,c00c7257,e2311868,n
50354180,4907839111628198254-1803121430-1,S,p,A6S32,S,85077,S85077,32,8000191,,,14:30:00,14:31:00,9,9,2018-03-12,f2d9805e,e2311868,n
50354181,8569796969540721927-1803121406-1,N,p,801591,RE,12024,RE12024,6,8000191,,,14:06:00,14:06:00,102,102,2018-03-12,e77ac3d7,e2311868,n
50354182,-8165178720871854520-1803121413-1,S,p,A6S81,S,85070,S85070,81,8000191,,,14:13:00,14:13:00,5,5,2018-03-12,1f7a65d6,e2311868,n
50354183,6094917504597911852-1803120805-3,F,p,87,TGV,9583,TGV9583,,8000191,14:46:00,14:59:00,14:54:00,15:02:00,5,5,2018-03-12,37c14bd0,e2311868,n
50354184,709752971709463542-1803121425-1,N,p,801518,RB,38848,RB38848,2,8000191,,,14:25:00,14:25:00,2,2,2018-03-12,985e23fd,e2311868,n
50354185,5258584023973085671-1803121408-1,N,p,800640,RE,4476,RE4476,4,8000191,,,14:08:00,14:09:00,1,1,2018-03-12,d6c8f7ab,e2311868,n
50354186,-8487407402674188012-1803121410-1,S,p,A6S31,S,85075,S85075,31,8000191,,,14:10:00,14:11:00,8,8,2018-03-12,c9923909,e2311868,n
50354187,5047124359475727795-1803121443-1,S,p,A6S81,S,85072,S85072,81,8000191,,,14:43:00,14:43:00,6,6,2018-03-12,985bbb6c,e2311868,n
50354188,-8176844811218867853-1803121237-21,N,p,801518,RB,38845,RB38845,2,8000191,14:06:00,14:06:00,,,2,2,2018-03-12,24babf60,e2311868,n
50354190,-5808185107283233035-1803121249-25,S,p,801539,S,38343,S38343,3,8000191,14:31:00,14:32:00,,,12,12,2018-03-12,71145287,e2311868,n
50354191,-7239188670986774339-1803121410-1,S,p,A6S81,S,85270,S85270,81,8000191,,,14:10:00,14:10:00,13,13,2018-03-12,83d10366,e2311868,n
50354192,4198706028225770986-1803121313-5,F,p,80,ICE,106,ICE106,,8000191,14:58:00,15:01:00,15:00:00,15:05:00,3,3,2018-03-12,220701ff,e2311868,n
50354193,1640454493439654733-1803121320-18,S,p,A6S32,S,85070,S85070,32,8000191,14:09:00,14:09:00,,,5,5,2018-03-12,356993ad,e2311868,n
50354194,-2336476242183100541-1803121212-29,S,p,801539,S,38341,S38341,4,8000191,14:00:00,14:00:00,,,10,10,2018-03-12,94cc8823,e2311868,n
50354195,-2176036496488028663-1803121458-1,S,p,801539,S,38340,S38340,4,8000191,,,14:58:00,14:58:00,12,12,2018-03-12,15c22522,e2311868,n
50354196,-457076329965577510-1803121337-13,N,p,801518,RB,38847,RB38847,2,8000191,14:32:00,14:33:00,,,2,2,2018-03-12,f2329988,e2311868,n
50354197,-2785811777630415866-1803121255-5,F,p,80,ICE,107,ICE107,,8000191,14:56:00,15:02:00,14:58:00,15:05:00,2,2,2018-03-12,63da770d,e2311868,n
50354198,-1995405770982571456-1803121139-11,F,p,80,IC,2068,IC2068,,8000191,14:53:00,14:53:00,,,9,9,2018-03-12,c6c4cb97,e2311868,n
50354199,-8948921366298705069-1803120722-22,F,p,80,IC,2279,IC2279,,8000191,14:50:00,14:48:00,,,6,6,2018-03-12,b9414897,e2311868,n
50354200,1957077670879828396-1803121405-1,N,p,800619,IRE,19041,IRE19041,,8000191,,,14:05:00,14:05:00,9,9,2018-03-12,eabdb629,e2311868,n
50354201,3173154309682072620-1803121450-1,S,p,A6S32,S,85079,S85079,32,8000191,,,14:50:00,14:50:00,8,8,2018-03-12,f2d9805e,e2311868,n
50354202,-7747979526984668009-1803121039-9,F,p,85,ICE,72,ICE72,,8000191,14:49:00,14:51:00,14:51:00,14:55:00,3,3,2018-03-12,932e26ee,63294f64,n
50354203,8176248712958191728-1803121424-7,S,p,A6S81,S,85079,S85079,81,8000191,14:46:00,14:47:00,,,8,8,2018-03-12,23a83795,e2311868,n
50354204,-275168915786694538-1803121409-1,N,p,800647,RE,4729,RE4729,,8000191,,,14:09:00,14:09:00,6,6,2018-03-12,727be246,1b3fdda3,c
50354205,7272374354501217049-1803121403-16,S,p,A6S31,S,85074,S85074,31,8000191,14:48:00,14:50:00,,,13,13,2018-03-12,c00c7257,e2311868,n
50354206,-4284023837874274977-1803121319-17,N,p,800619,RE,19538,RE19538,,8000191,14:42:00,14:41:00,,,11,11,2018-03-12,4515c319,e2311868,n
50354207,2328330128770404543-1803121339-8,N,p,8006C5,RE,17316,RE17316,,8000191,14:27:00,14:28:00,,,3,3,2018-03-12,d602f1e3,e2311868,n
50354208,5968094158297064706-1803121308-26,S,p,A6S81,S,85077,S85077,81,8000191,14:16:00,14:16:00,,,9,9,2018-03-12,40dc0c82,e2311868,n
50354210,-3986714263547234712-1803121428-1,S,p,801539,S,38338,S38338,3,8000191,,,14:28:00,14:28:00,10,10,2018-03-12,dfe22a27,e2311868,n
50354211,-1546311267635830685-1803121140-23,N,p,800647,RE,4716,RE4716,,8000191,14:49:00,14:49:00,,,14,14,2018-03-12,b7f04237,82e36fe7,c
50354212,1431493805014839099-1803121409-6,N,p,801591,RE,12029,RE12029,6,8000191,14:54:00,14:54:00,,,102,102,2018-03-12,941735b1,e2311868,n
50354213,8882233225615859060-1803121100-6,F,p,85,EC,8,EC8,,8000191,14:10:00,14:10:00,14:12:00,14:12:00,3,3,2018-03-12,46105a85,e2311868,n
50354214,2226840272821274584-1803121316-19,N,p,801591,RB,12439,RB12439,51,8000191,14:27:00,14:27:00,,,1,1,2018-03-12,2cea2d32,e2311868,n
50354215,-1559301180950242903-1803121433-1,N,p,801566,RB,12432,RB12432,51,8000191,,,14:33:00,14:33:00,1,1,2018-03-12,7329eec3,e2311868,n
50384624,779824908146923528-1803121416-19,N,p,801566,RB,12411,RB12411,51,8000191,15:27:00,15:27:00,,,1,101,2018-03-12,2cea2d32,e2311868,n
50384625,2593279099607511049-1803121510-1,S,p,A6S31,S,85081,S85081,31,8000191,,,15:10:00,15:10:00,13,13,2018-03-12,c9923909,e2311868,n
50384626,4264401226549416573-1803121454-4,S,p,A6S5,S,85006,S85006,5,8000191,15:21:00,15:22:00,,,2,2,2018-03-12,4e1aa24c,e2311868,n
50384627,-1279242321187232732-1803121007-9,F,p,80,ICE,75,ICE75,,8000191,15:08:00,15:34:00,15:10:00,15:37:00,2,2,2018-03-12,87ffb022,a40bafe8,n
50384628,8052417949349208471-1803121503-16,S,p,A6S31,S,85080,S85080,31,8000191,15:48:00,15:51:00,,,13,13,2018-03-12,c00c7257,e2311868,n
50384629,-2570615725346696334-1803121548-1,N,p,801518,RB,38856,RB38856,2,8000191,,,15:48:00,15:48:00,3,3,2018-03-12,e8708cef,6a0f5c94,n
50384630,-111286439542392382-1803121506-1,N,p,801591,RE,12026,RE12026,6,8000191,,,15:06:00,15:06:00,102,102,2018-03-12,e77ac3d7,e2311868,n
50384631,1373694884773831444-1803121454-2,F,p,80,ICE,9572,ICE9572,,8000191,15:30:00,15:30:00,15:32:00,15:45:00,6,6,2018-03-12,ff14d36d,e2311868,n
50384632,-6505806609466217340-1803121412-29,S,p,801539,S,38353,S38353,4,8000191,15:58:00,16:04:00,,,8,8,2018-03-12,94cc8823,e2311868,n
50384633,-413922720045989119-1803121509-6,N,p,801591,RE,12031,RE12031,6,8000191,15:54:00,15:54:00,,,102,102,2018-03-12,941735b1,e2311868,n
50384634,4337776906585283187-1803121530-1,S,p,A6S31,S,80129,S80129,31,8000191,,,15:30:00,15:30:00,12,12,2018-03-12,c9923909,e2311868,n
50384635,459321101096573055-1803121550-1,S,p,A6S32,S,85085,S85085,32,8000191,,,15:50:00,15:50:00,10,10,2018-03-12,f2d9805e,e2311868,n
50384636,4164630508731885172-1803121515-1,N,p,801518,RB,38852,RB38852,2,8000191,,,15:15:00,15:16:00,3,3,2018-03-12,500230fe,518fdf3b,n
50384637,-77936409830068817-1803121533-1,N,p,801566,RB,12414,RB12414,51,8000191,,,15:33:00,15:36:00,102,102,2018-03-12,7329eec3,e2311868,n
50384638,-2240825693871801594-1803121533-1,N,p,801566,RB,12426,RB12426,51,8000191,,,15:33:00,15:36:00,102,102,2018-03-12,891af442,e2311868,n
50384639,-6260678641653155547-1803121524-7,S,p,A6S81,S,85085,S85085,81,8000191,15:46:00,15:48:00,,,10,10,2018-03-12,a2955bfd,e2311868,n
50384640,-7737234341906213812-1803121539-1,N,p,8006C5,RE,17313,RE17313,,8000191,,,15:39:00,15:41:00,9,9,2018-03-12,8ecf3c97,e2311868,n
50384641,6294407100106826133-1803121437-13,N,p,801518,RB,38851,RB38851,2,8000191,15:32:00,15:39:00,,,3,3,2018-03-12,f2329988,e2311868,n
50384642,5532038320047824464-1803121506-1,F,p,80,IC,2161,IC2161,,8000191,,,15:06:00,15:06:00,10,10,2018-03-12,42ca1e43,e2311868,n
50384644,-698674402699978481-1803121413-10,N,p,800640,RE,4479,RE4479,4,8000191,15:52:00,15:53:00,,,1,1,2018-03-12,d37c0e1b,e2311868,n
50384645,-5750865784582321702-1803121349-25,S,p,801539,S,38347,S38347,3,8000191,15:36:00,15:36:00,,,11,11,2018-03-12,71145287,e2311868,n
50384646,7252102844248366779-1803121519-1,N,p,800619,RE,19539,RE19539,,8000191,,,15:19:00,15:19:00,11,11,2018-03-12,916b4365,e2311868,n
50384647,5141252172526366836-1803121240-23,N,p,800647,RE,4718,RE4718,,8000191,15:49:00,16:51:00,,,6,6,2018-03-12,f68b10d5,336ea95a,c
50384648,-1942528385706597726-1803121510-1,F,p,80,IC,2276,IC2276,,8000191,,,15:10:00,15:10:00,7,7,2018-03-12,5bd9d3d8,e2311868,n
50384649,575839425149133774-1803121543-1,S,p,A6S81,S,85078,S85078,81,8000191,,,15:43:00,15:43:00,5,5,2018-03-12,859da125,e2311868,n
50384650,-9171046525224009544-1803121550-1,S,p,A6S31,S,80175,S80175,31,8000191,,,15:50:00,15:50:00,10,10,2018-03-12,c9923909,e2311868,n
50384651,8276221152111004530-1803121528-1,S,p,801539,S,38342,S38342,3,8000191,,,15:28:00,15:28:00,8,8,2018-03-12,dfe22a27,e2311868,n
50384652,-3849301738468920667-1803121420-18,S,p,A6S32,S,85148,S85148,32,8000191,15:09:00,15:11:00,,,5,5,2018-03-12,356993ad,e2311868,n
50384653,-5036600979734019557-1803121018-13,F,p,80,ICE,371,ICE371,,8000191,15:58:00,16:22:00,16:00:00,16:27:00,2,3,2018-03-12,26ffdc1c,e2311868,n
50384654,-7583718413667898768-1803121423-12,S,p,A6S81,S,85197,S85197,81,8000191,15:49:00,15:52:00,,,12,12,2018-03-12,00d1bf49,e2311868,n
50384655,2598386838643751555-1803121459-6,N,p,800619,IRE,19036,IRE19036,,8000191,15:53:00,15:53:00,,,9,9,2018-03-12,b36a8f2d,e2311868,n
50384656,6170002538724052342-1803121413-6,F,p,80,ICE,276,ICE276,,8000191,15:59:00,16:03:00,16:01:00,16:06:00,3,3,2018-03-12,f8683114,e2311868,n
50384657,-3252862499681210473-1803121513-1,S,p,A6S81,S,85148,S85148,81,8000191,,,15:13:00,15:13:00,5,5,2018-03-12,5ffd0201,e2311868,n
50384658,993113341884275549-1803121247-8,F,p,80,IC,2264,IC2264,,8000191,15:53:00,15:58:00,,,5,5,2018-03-12,d71a5ce0,e2311868,n
50384659,8509057150985167649-1803121440-18,S,p,A6S32,S,85078,S85078,32,8000191,15:28:00,15:28:00,,,5,5,2018-03-12,356993ad,e2311868,n
50384660,7635905450301359369-1803121509-1,N,p,800647,RE,4731,RE4731,,8000191,,,15:09:00,15:12:00,14,14,2018-03-12,7df26855,e2311868,n
50384661,3491902041901976989-1803121558-1,S,p,801539,S,38344,S38344,4,8000191,,,15:58:00,15:58:00,11,11,2018-03-12,15c22522,e2311868,n
50384662,686212368582560420-1803121530-1,S,p,A6S32,S,85083,S85083,32,8000191,,,15:30:00,15:30:00,12,12,2018-03-12,f2d9805e,e2311868,n
50384663,-6555303125416720264-1803121314-29,S,p,801539,S,38345,S38345,3,8000191,15:00:00,15:06:00,,,8,8,2018-03-12,94cc8823,e2311868,n
50384664,-5244319982790517828-1803121408-26,S,p,A6S81,S,85083,S85083,81,8000191,15:16:00,15:20:00,,,12,12,2018-03-12,f2a5ab7b,e2311868,n
50384665,-520537712719899000-1803121248-8,N,p,8006C5,RE,17318,RE17318,,8000191,15:21:00,15:21:00,,,9,9,2018-03-12,d602f1e3,c64543c3,c
50416973,5575106068947683697-1803121639-1,N,p,8006C5,RE,17315,RE17315,,8000191,,,16:39:00,16:39:00,9,9,2018-03-12,8ecf3c97,e2311868,n
50416974,2305138585812950804-1803121633-1,N,p,801566,RB,12434,RB12434,51,8000191,,,16:33:00,16:36:00,1,1,2018-03-12,7329eec3,e2311868,n
50416975,5137604253813506464-1803121628-1,S,p,801539,S,38348,S38348,3,8000191,,,16:28:00,16:28:00,8,8,2018-03-12,fe0cc6e4,e2311868,n
50416976,-324088660713952682-1803121650-1,S,p,A6S32,S,85091,S85091,32,8000191,,,16:50:00,16:50:00,14,14,2018-03-12,f2d9805e,e2311868,n
50416977,4260699509664933832-1803121606-1,F,p,80,IC,1269,IC1269,,8000191,,,16:06:00,16:06:00,7,7,2018-03-12,23e001a5,e2311868,n
50416978,-5889100804529171391-1803121625-1,N,p,801518,RB,38860,RB38860,2,8000191,,,16:25:00,16:26:00,2,2,2018-03-12,985e23fd,e2311868,n
50416979,-6341660150772059690-1803121605-1,N,p,800619,IRE,19043,IRE19043,,8000191,,,16:05:00,16:08:00,9,9,2018-03-12,eabdb629,e2311868,n
50416980,-979526917423332832-1803121437-21,N,p,801518,RB,38853,RB38853,2,8000191,16:07:00,16:08:00,,,2,2,2018-03-12,24babf60,c6758a54,n
50416981,4647045061590027487-1803121513-5,F,p,80,ICE,104,ICE104,,8000191,16:58:00,17:02:00,17:00:00,17:04:00,3,3,2018-03-12,38e1cb79,e2311868,n
50416982,2573137891381890203-1803121508-26,S,p,A6S81,S,85089,S85089,81,8000191,16:16:00,16:21:00,,,12,12,2018-03-12,40dc0c82,e2311868,n
50416983,147715242608041897-1803121513-5,F,p,80,ICE,504,ICE504,,8000191,16:58:00,17:02:00,17:00:00,17:04:00,3,3,2018-03-12,220701ff,e2311868,n
50416984,1940605494438738034-1803121633-1,N,p,801566,RB,12428,RB12428,51,8000191,,,16:33:00,16:36:00,1,1,2018-03-12,891af442,e2311868,n
50416985,2036711676177716052-1803121658-1,S,p,801539,S,38350,S38350,4,8000191,,,16:58:00,17:02:00,6,6,2018-03-12,15c22522,e2311868,n
50416986,-7141477819000954134-1803121339-11,F,p,80,IC,2066,IC2066,,8000191,16:53:00,16:55:00,,,9,9,2018-03-12,c6c4cb97,e2311868,n
50416987,422966265868202334-1803121537-13,N,p,801518,RB,38855,RB38855,2,8000191,16:35:00,16:39:00,,,1,1,2018-03-12,f2329988,e2311868,n
50416988,3518878361263624569-1803121449-25,S,p,801539,S,38351,S38351,3,8000191,16:32:00,16:33:00,,,6,6,2018-03-12,71145287,e2311868,n
50416989,-4101619288868954225-1803121540-18,S,p,A6S32,S,85084,S85084,32,8000191,16:28:00,16:28:00,,,5,5,2018-03-12,356993ad,e2311868,n
50416990,-753592992525908351-1803121624-7,S,p,A6S81,S,85091,S85091,81,8000191,16:46:00,16:54:00,,,14,14,2018-03-12,23a83795,e2311868,n
50416991,6618840977521668849-1803121523-16,S,p,A6S31,S,85082,S85082,31,8000191,16:09:00,16:14:00,,,5,6,2018-03-12,c00c7257,e2311868,n
50416992,-6179514760437373291-1803121610-1,S,p,A6S81,S,85196,S85196,81,8000191,,,16:10:00,16:11:00,12,12,2018-03-12,5f851f97,e2311868,n
50416993,443169873031715954-1803121355-3,F,p,87,TGV,9575,TGV9575,,8000191,16:25:00,16:26:00,16:28:00,16:29:00,7,7,2018-03-12,bb38db84,e2311868,n
50416994,-7427756221885821579-1803121519-17,N,p,800619,RE,19542,RE19542,,8000191,16:42:00,16:42:00,,,11,11,2018-03-12,4515c319,e2311868,n
50416995,-188102568603616642-1803121610-1,S,p,A6S32,S,85087,S85087,32,8000191,,,16:10:00,16:11:00,13,13,2018-03-12,f2d9805e,e2311868,n
50416996,4171646072765382844-1803121340-23,N,p,800647,RE,4720,RE4720,,8000191,16:49:00,16:59:00,,,12,12,2018-03-12,b7f04237,e2311868,n
50416997,6687735765795189643-1803121601-1,N,p,801591,RE,12028,RE12028,6,8000191,,,16:01:00,16:02:00,102,102,2018-03-12,57867717,e2311868,n
50416998,-7030010269675212384-1803121516-19,N,p,801566,RB,12413,RB12413,51,8000191,16:27:00,16:27:00,,,1,1,2018-03-12,2cea2d32,e2311868,n
50416999,-7410747608562109166-1803121615-1,N,p,801518,RE,38858,RE38858,2,8000191,,,16:15:00,16:17:00,10,10,2018-03-12,b04f5056,e2311868,n
50417000,8771434446803982946-1803121609-1,N,p,800647,RE,4733,RE4733,,8000191,,,16:09:00,16:11:00,6,6,2018-03-12,727be246,e2311868,n
50417001,-4853549543155830626-1803121239-9,F,p,85,ICE,70,ICE70,,8000191,16:49:00,16:54:00,16:51:00,16:58:00,3,3,2018-03-12,a196e3ca,d3340587,n
50417002,2059333287696505706-1803121603-16,S,p,A6S31,S,85086,S85086,31,8000191,16:48:00,16:48:00,,,13,13,2018-03-12,c00c7257,e2311868,n
50417003,-6157556261628274416-1803121337-9,F,p,80,ICE,109,ICE109,,8000191,16:58:00,17:09:00,17:00:00,17:11:00,2,2,2018-03-12,19faa275,e2311868,n
50417005,-4360869642640056032-1803121554-10,N,p,8015RP,RE,38857,RE38857,2,8000191,16:48:00,16:48:00,,,2,2,2018-03-12,5bea021b,e2311868,n
50417006,-4297113473091841136-1803121610-1,S,p,A6S31,S,80179,S80179,31,8000191,,,16:10:00,16:10:00,13,13,2018-03-12,c9923909,e2311868,n
50417008,-5069641751923014707-1803121650-1,S,p,A6S31,S,80107,S80107,31,8000191,,,16:50:00,16:50:00,14,14,2018-03-12,c9923909,e2a4cbd9,n
50417009,-7174405819540572222-1803121632-1,S,p,A6S32,S,85089,S85089,32,8000191,,,16:32:00,16:33:00,12,12,2018-03-12,f2d9805e,e2311868,n
50417010,-3987032809088834723-1803121613-1,S,p,A6S81,S,85082,S85082,81,8000191,,,16:13:00,16:13:00,5,5,2018-03-12,1f7a65d6,e2311868,n
50417011,-8839307998602303127-1803121643-1,S,p,A6S81,S,85084,S85084,81,8000191,,,16:43:00,16:43:00,5,5,2018-03-12,985bbb6c,e2311868,n
50417012,4930912175735303747-1803121632-1,S,p,A6S31,S,80113,S80113,31,8000191,,,16:32:00,16:32:00,12,12,2018-03-12,c9923909,e2311868,n
50417013,4371732055141861875-1803121013-23,F,p,80,IC,2371,IC2371,,8000191,16:50:00,16:49:00,,,5,5,2018-03-12,760ee2da,e2311868,n
50417014,4660398913906016542-1803121200-11,F,p,85,EC,6,EC6,,8000191,16:10:00,16:10:00,16:12:00,16:13:00,3,3,2018-03-12,37ccfa26,e2311868,n
50417015,7774519040455027198-1803121535-8,N,p,8006C5,RE,17320,RE17320,,8000191,16:21:00,16:24:00,,,9,9,2018-03-12,d602f1e3,e2311868,n
50417016,6709839344733603173-1803121609-6,N,p,801591,RE,12033,RE12033,6,8000191,16:54:00,16:54:00,,,102,102,2018-03-12,941735b1,e2311868,n
50417017,-7133899159347076370-1803121608-1,N,p,800640,RE,4478,RE4478,4,8000191,,,16:08:00,16:11:00,1,1,2018-03-12,d6c8f7ab,e2311868,n
50451463,-1640390785137022575-1803121613-10,N,p,800640,RE,4481,RE4481,4,8000191,17:53:00,18:11:00,,,1,1,2018-03-12,d37c0e1b,e2311868,n
50451464,-152927054794652045-1803121758-1,S,p,801539,S,38354,S38354,4,8000191,,,17:58:00,17:59:00,10,10,2018-03-12,15c22522,e2311868,n
50451465,-4917993165464760656-1803121750-1,S,p,A6S31,S,80141,S80141,31,8000191,,,17:50:00,17:50:00,11,11,2018-03-12,c9923909,e2311868,n
50451466,2256244940000548566-1803121658-11,S,p,801539,S,38359,S38359,3,8000191,17:40:00,17:43:00,,,5,3,2018-03-12,1d84b548,e2311868,n
50451467,-6037522386811712165-1803121547-28,S,p,A6S4,S,85302,S85302,4,8000191,17:40:00,17:42:00,,,12,12,2018-03-12,191b7e00,e2311868,n
50451468,9155325006129515002-1803121703-16,S,p,A6S31,S,85092,S85092,31,8000191,17:48:00,17:52:00,,,13,13,2018-03-12,c00c7257,e2311868,n
50451469,-564959067061120830-1803121705-1,N,p,801591,RE,12032,RE12032,6,8000191,,,17:05:00,17:05:00,102,102,2018-03-12,a34c02d2,e2311868,n
50451470,8013359430626445762-1803121605-15,S,p,A6S81,S,85593,S85593,81,8000191,17:49:00,17:52:00,,,14,14,2018-03-12,16dc53bb,e2311868,n
50451471,4271900569028906525-1803121608-26,S,p,A6S81,S,85095,S85095,81,8000191,17:16:00,17:18:00,,,12,12,2018-03-12,f2a5ab7b,e2311868,n
50451472,2894689023927875981-1803121739-1,N,p,8006C5,RE,17319,RE17319,,8000191,,,17:39:00,17:40:00,7,7,2018-03-12,8ecf3c97,e2311868,n
50451473,4339273632907532677-1803121635-8,N,p,8006C5,RE,17322,RE17322,,8000191,17:19:00,17:21:00,,,7,7,2018-03-12,d602f1e3,e2311868,n
50451474,7776103978113399754-1803121512-29,S,p,801539,S,38361,S38361,4,8000191,17:00:00,17:09:00,,,8,8,2018-03-12,94cc8823,e2311868,n
50451475,2315902725231534107-1803121713-1,S,p,A6S71,S,85088,S85088,71,8000191,,,17:13:00,17:13:00,6,6,2018-03-12,11e1c8c3,e2311868,n
50451476,5214636995824794365-1803121613-6,F,p,80,IC,1274,IC1274,,8000191,17:58:00,18:00:00,18:00:00,18:03:00,3,3,2018-03-12,f8683114,e2311868,n
50451478,6645235696733567287-1803121541-20,N,p,801566,RB,12415,RB12415,51,8000191,17:27:00,17:29:00,,,1,1,2018-03-12,10ae6923,e2311868,n
50451480,-9025994680229726682-1803121710-1,F,p,80,IC,2274,IC2274,,8000191,,,17:10:00,17:10:00,7,7,2018-03-12,2a5460c7,e2311868,n
50451481,3675320541711482357-1803121706-1,F,p,80,IC,2163,IC2163,,8000191,,,17:06:00,17:06:00,10,10,2018-03-12,42ca1e43,e2311868,n
50451482,-266279812582002025-1803121218-13,F,p,80,ICE,373,ICE373,,8000191,17:58:00,18:19:00,18:00:00,18:22:00,2,2,2018-03-12,26ffdc1c,e2311868,n
50451483,-2051312427693324596-1803121708-4,F,p,80,IC,2362,IC2362,,8000191,17:53:00,17:55:00,,,8,8,2018-03-12,3f577be7,e2311868,n
50451484,8772938266025161303-1803121733-1,N,p,801566,RB,12416,RB12416,51,8000191,,,17:33:00,17:34:00,1,1,2018-03-12,7329eec3,e2311868,n
50451485,7258534164660928740-1803121704-1,N,p,801518,RB,38864,RB38864,2,8000191,,,17:04:00,17:13:00,1,1,2018-03-12,985e23fd,e2311868,n
50451486,-7786759815812070709-1803121710-1,S,p,A6S32,S,85093,S85093,32,8000191,,,17:10:00,17:10:00,13,13,2018-03-12,f2d9805e,e2311868,n
50451487,5088201114929260139-1803121706-8,N,p,801518,RE,38823,RE38823,2,8000191,17:48:00,17:49:00,,,2,2,2018-03-12,50ad24c7,e2311868,n
50451488,6000029176846009447-1803121637-13,N,p,801518,RB,38861,RB38861,2,8000191,17:32:00,17:32:00,,,2,2,2018-03-12,f2329988,e2311868,n
50451489,8108194419514125437-1803121730-1,S,p,A6S32,S,85095,S85095,32,8000191,,,17:30:00,17:31:00,12,12,2018-03-12,f2d9805e,e2311868,n
50451490,236904608108658848-1803121705-1,N,p,801591,RE,12372,RE12372,6,8000191,,,17:05:00,17:05:00,102,102,2018-03-12,0c214ff1,e2311868,n
50451491,700464760983395496-1803121709-6,N,p,801591,RE,12035,RE12035,6,8000191,17:54:00,17:54:00,,,102,102,2018-03-12,941735b1,e2311868,n
50451492,-4834288071020949302-1803121534-21,N,p,801518,RB,38859,RB38859,2,8000191,17:14:00,17:16:00,,,3,3,2018-03-12,24babf60,b80f7c3d,n
50451493,-907796369242989398-1803121724-7,S,p,A6S81,S,85097,S85097,81,8000191,17:46:00,17:48:00,,,11,11,2018-03-12,a2955bfd,e2311868,n
50451494,-5691710275134870209-1803121643-16,S,p,A6S31,S,85090,S85090,31,8000191,17:28:00,17:30:00,,,9,9,2018-03-12,c00c7257,e2311868,n
50451495,-2782129435093265786-1803121750-1,S,p,A6S32,S,85097,S85097,32,8000191,,,17:50:00,17:50:00,11,11,2018-03-12,f2d9805e,e2311868,n
50451496,12387520086341044-1803121743-1,S,p,A6S81,S,85090,S85090,81,8000191,,,17:43:00,17:43:00,9,9,2018-03-12,859da125,e2311868,n
50451497,-6268556250588617721-1803121123-3,,p,83,ECE,52,ECE52,,8000191,17:29:00,17:30:00,17:31:00,17:31:00,3,3,2018-03-12,2a436db6,e2311868,n
50451498,-7426918485512730994-1803121623-16,S,p,A6S31,S,85088,S85088,31,8000191,17:09:00,17:11:00,,,6,6,2018-03-12,c00c7257,e2311868,n
50451500,7866557424441304346-1803121520-3,F,p,87,ICE,9563,ICE9563,,8000191,17:52:00,17:54:00,17:55:00,17:57:00,5,5,2018-03-12,ced0a11b,e2311868,n
50451501,-7572100063158604519-1803121725-1,N,p,801518,RB,38866,RB38866,2,8000191,,,17:25:00,17:25:00,3,3,2018-03-12,985e23fd,e2311868,n
50451502,-8362300507494238615-1803121638-12,S,p,A6S5,S,85578,S85578,5,8000191,17:11:00,17:14:00,,,9,10,2018-03-12,a6f63ce4,e2311868,n
50451503,4842145016432551625-1803121659-6,N,p,800619,IRE,19038,IRE19038,,8000191,17:53:00,17:55:00,,,9,9,2018-03-12,b36a8f2d,e2311868,n
50451504,4740342332475925800-1803121709-1,N,p,800647,RE,4271,RE4271,,8000191,,,17:09:00,17:09:00,12,12,2018-03-12,7df26855,e2311868,n
50451505,-6380938625675712760-1803121730-1,S,p,A6S31,S,80135,S80135,31,8000191,,,17:30:00,17:30:00,12,12,2018-03-12,c9923909,e2311868,n
50451506,1996207567911038012-1803121744-1,N,p,801518,RB,38870,RB38870,2,8000191,,,17:44:00,17:44:00,2,2,2018-03-12,e8708cef,6a0f5c94,n
50451507,-3366312994940906552-1803121440-23,N,p,800647,RE,4722,RE4722,,8000191,17:49:00,17:49:00,,,6,6,2018-03-12,f68b10d5,e2311868,n
50451508,6503614906581892962-1803121549-27,S,p,801539,S,38357,S38357,3,8000191,17:36:00,17:40:00,,,10,10,2018-03-12,12250c4c,e2311868,n
50451509,8900832569111771375-1803121113-10,F,p,80,ICE,77,ICE77,,8000191,17:08:00,17:33:00,17:10:00,17:35:00,2,5,2018-03-12,4a0a0e28,8fc56b68,n
50451510,4849155196744904064-1803121728-1,S,p,801539,S,38352,S38352,3,8000191,,,17:28:00,17:28:00,8,8,2018-03-12,46564d2e,e2311868,n
50451511,9192703793004359391-1803121733-1,N,p,801566,RB,12430,RB12430,51,8000191,,,17:33:00,17:34:00,1,1,2018-03-12,891af442,e2311868,n
50451512,877314440174099425-1803121710-1,S,p,A6S31,S,80111,S80111,31,8000191,,,17:10:00,17:10:00,13,13,2018-03-12,c9923909,e2311868,n
50451513,-1780366104452543204-1803120829-22,F,p,80,IC,2313,IC2313,,8000191,17:31:00,17:34:00,17:33:00,17:36:00,6,6,2018-03-12,f443350c,5dc9de4f,c
50451514,-8171324671577464399-1803121719-1,N,p,800619,RE,19545,RE19545,,8000191,,,17:19:00,17:19:00,11,11,2018-03-12,916b4365,e2311868,n
50485036,-5153296430844997067-1803121844-1,S,p,A6S5,S,85165,S85165,5,8000191,,,18:44:00,18:44:00,5,5,2018-03-12,789b4cb3,e2311868,n
50485037,-8179118716256135481-1803121843-1,S,p,A6S81,S,85096,S85096,81,8000191,,,18:43:00,18:43:00,5,5,2018-03-12,985bbb6c,e2311868,n
50485038,-4012695635926008074-1803121815-9,S,p,A6S71,S,85101,S85101,71,8000191,18:46:00,18:46:00,,,8,8,2018-03-12,8456ce56,e2311868,n
50485039,-7680247767385669805-1803121850-1,S,p,A6S31,S,80133,S80133,31,8000191,,,18:50:00,18:50:00,8,8,2018-03-12,c9923909,e2311868,n
50485040,1990253086663791935-1803121738-12,S,p,A6S5,S,84900,S84900,5,8000191,18:09:00,18:10:00,,,8,8,2018-03-12,a6f63ce4,e2311868,n
50485041,973576007803053496-1803121723-16,S,p,A6S31,S,85666,S85666,31,8000191,18:09:00,18:11:00,,,7,7,2018-03-12,c00c7257,e2311868,n
50485042,-4665433119176785022-1803121737-13,N,p,801518,RB,38865,RB38865,2,8000191,18:32:00,18:32:00,,,2,2,2018-03-12,f2329988,e2311868,n
50485043,54909806626717854-1803121850-1,S,p,A6S32,S,85101,S85101,32,8000191,,,18:50:00,18:50:00,8,8,2018-03-12,f2d9805e,e2311868,n
50485044,-9170319321262747816-1803121713-6,F,p,80,ICE,102,ICE102,,8000191,18:58:00,19:00:00,19:00:00,19:02:00,3,3,2018-03-12,bcd9169b,18c85183,n
50485045,3877523980056642391-1803121808-1,N,p,800640,RE,4480,RE4480,4,8000191,,,18:08:00,18:17:00,1,1,2018-03-12,d6c8f7ab,e2311868,n
50485046,4876412217104662801-1803121555-3,F,p,87,TGV,9577,TGV9577,,8000191,18:25:00,18:26:00,18:28:00,18:28:00,7,7,2018-03-12,4653a416,e2311868,n
50485047,-5870835457450235179-1803121809-6,N,p,801591,RE,12037,RE12037,6,8000191,18:54:00,18:54:00,,,102,102,2018-03-12,941735b1,e2311868,n
50485048,8084274576888233532-1803121810-1,S,p,801539,S,38356,S38356,3,8000191,,,18:10:00,18:11:00,5,5,2018-03-12,a2a678e9,e2311868,n
50485051,-6276568198225809175-1803121721-17,N,p,800619,RE,19546,RE19546,,8000191,18:42:00,18:42:00,,,11,11,2018-03-12,4515c319,e2311868,n
50485052,2190740288368492562-1803121539-11,F,p,80,IC,2064,IC2064,,8000191,18:53:00,18:55:00,,,9,9,2018-03-12,c6c4cb97,e2311868,n
50485053,-7406456888893888659-1803121806-1,N,p,801591,RE,12036,RE12036,6,8000191,,,18:06:00,18:06:00,102,102,2018-03-12,39531a6c,e2311868,n
50485054,4461713043386540010-1803121613-29,S,p,801539,S,38367,S38367,3,8000191,18:00:00,18:14:00,,,10,10,2018-03-12,94cc8823,e2311868,n
50485055,1311163295152770516-1803121649-25,S,p,801539,S,38363,S38363,3,8000191,18:32:00,18:32:00,,,3,3,2018-03-12,71145287,e2311868,n
50485056,-7573651573329216408-1803121500-12,F,p,85,ICE,376,ICE376,,8000191,18:49:00,18:49:00,18:51:00,18:51:00,3,3,2018-03-12,b97b34ff,e2311868,n
50485057,9057847664084222938-1803121809-1,N,p,800647,RE,4737,RE4737,,8000191,,,18:09:00,18:09:00,6,6,2018-03-12,727be246,e2311868,n
50485058,8318203548093500440-1803121734-4,F,p,80,IC,2360,IC2360,,8000191,18:21:00,18:20:00,,,6,6,2018-03-12,3f577be7,e2311868,n
50485059,1509277170217670413-1803121825-1,N,p,801518,RB,38872,RB38872,2,8000191,,,18:25:00,18:26:00,2,3,2018-03-12,985e23fd,e2311868,n
50485060,4908220424866081120-1803121828-1,S,p,801539,S,38358,S38358,3,8000191,,,18:28:00,18:28:00,10,10,2018-03-12,46564d2e,e2311868,n
50485061,-5697054107986364530-1803121810-1,S,p,A6S31,S,80139,S80139,31,8000191,,,18:10:00,18:10:00,13,13,2018-03-12,c9923909,e2311868,n
50485062,1527933323033639449-1803121122-23,F,p,80,IC,2373,IC2373,,8000191,18:52:00,18:53:00,,,5,5,2018-03-12,fe7703de,e2311868,n
50485063,1859802888295725524-1803121743-16,S,p,A6S31,S,85096,S85096,31,8000191,18:28:00,18:28:00,,,5,5,2018-03-12,c00c7257,06599276,n
50485064,-5586738791369002393-1803121735-8,N,p,8006C5,RE,17324,RE17324,,8000191,18:21:00,18:21:00,,,9,9,2018-03-12,d602f1e3,e2311868,n
50485065,7304246084231219196-1803121839-1,N,p,8006C5,RE,17321,RE17321,,8000191,,,18:39:00,18:40:00,9,9,2018-03-12,8ecf3c97,e2311868,n
50485066,-8328881618279280804-1803121813-1,S,p,A6S71,S,85666,S85666,71,8000191,,,18:13:00,18:13:00,7,7,2018-03-12,8b0eef56,e2311868,n
50485067,8858404535665931376-1803121810-1,S,p,A6S32,S,85135,S85135,32,8000191,,,18:10:00,18:10:00,13,13,2018-03-12,f2d9805e,e2311868,n
50485068,2993825387138013818-1803121810-1,S,p,A6S81,S,85198,S85198,81,8000191,,,18:10:00,18:12:00,8,8,2018-03-12,5f851f97,e2311868,n
50485069,7104848009742561467-1803121803-16,S,p,A6S31,S,85098,S85098,31,8000191,18:48:00,18:50:00,,,13,13,2018-03-12,c00c7257,e2311868,n
50485070,-3798710945004652433-1803121658-3,F,p,80,TGV,9560,TGV9560,,8000191,18:05:00,19:21:00,18:07:00,19:26:00,2,2,2018-03-12,0a774f72,e2311868,n
50485071,-389375162698602972-1803121716-19,N,p,801566,RB,12417,RB12417,51,8000191,18:27:00,18:30:00,,,1,1,2018-03-12,2cea2d32,e2311868,n
50485072,3169600473844176463-1803121805-1,F,p,80,IC,2267,IC2267,,8000191,,,18:05:00,18:05:00,7,7,2018-03-12,3ac4e38d,e2311868,n
50485073,-455914612718307954-1803121637-20,N,p,801518,RB,38863,RB38863,2,8000191,18:12:00,18:15:00,,,2,3,2018-03-12,50e8bd4a,4acf598b,n
50485074,5384852775071165138-1803121708-26,S,p,A6S81,S,85099,S85099,81,8000191,18:16:00,18:17:00,,,14,14,2018-03-12,40dc0c82,e2311868,n
50485075,-803042819389526281-1803121858-1,S,p,801539,S,38360,S38360,4,8000191,,,18:58:00,18:59:00,12,12,2018-03-12,15c22522,e2311868,n
50485076,1695861542627783799-1803121655-5,F,p,80,ICE,201,ICE201,,8000191,18:58:00,19:15:00,19:00:00,19:17:00,2,2,2018-03-12,63da770d,e2311868,n
50485077,5637095686118488046-1803121717-13,N,p,800647,RE,17080,RE17080,,8000191,18:49:00,18:56:00,,,14,14,2018-03-12,3772f704,e2311868,n
50485078,1247506773619215510-1803121805-1,N,p,800619,IRE,19045,IRE19045,,8000191,,,18:05:00,18:05:00,9,9,2018-03-12,eabdb629,e2311868,n
50485079,-4762896236619743613-1803121820-1,S,p,A6S4,S,85303,S85303,4,8000191,,,18:20:00,18:25:00,12,12,2018-03-12,f04380e5,e2311868,n
50485080,7824658989408750988-1803121833-1,N,p,801566,RB,12418,RB12418,51,8000191,,,18:33:00,18:34:00,1,1,2018-03-12,7329eec3,e2311868,n
50517697,-5234679367862629165-1803121746-6,F,p,80,IC,2183,IC2183,,8000191,19:17:00,19:17:00,,,5,5,2018-03-12,51c62646,e2311868,n
50517698,436096027952993164-1803121700-6,F,p,85,ICE,272,ICE272,,8000191,19:58:00,20:00:00,20:00:00,20:02:00,3,3,2018-03-12,ef026d00,e2311868,n
50517699,-7135439919703081239-1803121838-12,S,p,A6S5,S,85672,S85672,5,8000191,19:11:00,19:11:00,,,9,9,2018-03-12,a6f63ce4,e2311868,n
50517700,-5633310122654804118-1803121906-1,N,p,801591,RE,12038,RE12038,6,8000191,,,19:06:00,19:06:00,102,102,2018-03-12,e77ac3d7,e2311868,n
50517702,9124848361923692803-1803121418-13,F,p,80,ICE,375,ICE375,,8000191,19:58:00,20:14:00,20:00:00,20:16:00,2,2,2018-03-12,69be873a,e2311868,n
50517703,6166528444491900770-1803121859-6,N,p,800619,IRE,19040,IRE19040,,8000191,19:53:00,19:55:00,,,10,10,2018-03-12,b36a8f2d,e2311868,n
50517704,5751331241681872264-1803121925-1,N,p,801518,RB,38878,RB38878,2,8000191,,,19:25:00,19:25:00,3,3,2018-03-12,985e23fd,e2311868,n
50517705,7017371601233894880-1803121909-6,N,p,801591,RE,12039,RE12039,6,8000191,19:54:00,19:54:00,,,102,102,2018-03-12,941735b1,e2311868,n
50517706,-1722455581587366838-1803121407-9,F,p,80,ICE,79,ICE79,,8000191,19:08:00,19:30:00,19:10:00,19:31:00,2,2,2018-03-12,321fd584,7e7d86c2,n
50517707,-6620729142639773140-1803121854-2,F,p,80,TGV,9570,TGV9570,,8000191,19:30:00,19:35:00,19:32:00,19:38:00,6,6,2018-03-12,ff14d36d,e2311868,n
50517708,-8265076235974134798-1803121919-1,S,p,A6S71,S,85100,S85100,71,8000191,,,19:19:00,19:19:00,7,7,2018-03-12,fc4ed3bf,e2311868,n
50517709,5507455595942769945-1803121640-23,N,p,800647,RE,4726,RE4726,,8000191,19:49:00,19:49:00,,,9,9,2018-03-12,f68b10d5,e2311868,n
50517710,-6772662253255204238-1803121837-13,N,p,801518,RB,38869,RB38869,2,8000191,19:32:00,19:35:00,,,2,2,2018-03-12,f2329988,e2311868,n
50517711,4062278147228142420-1803121910-1,F,p,80,IC,2272,IC2272,,8000191,,,19:10:00,19:10:00,6,6,2018-03-12,27c8f1e5,e2311868,n
50517712,3450449687497294106-1803121905-1,N,p,801518,RB,38874,RB38874,2,8000191,,,19:05:00,19:07:00,1,1,2018-03-12,e8708cef,6a0f5c94,n
50517713,-1075852080959816797-1803121813-10,N,p,800640,RE,4483,RE4483,4,8000191,19:52:00,20:01:00,,,1,1,2018-03-12,d37c0e1b,e2311868,n
50517714,-3383102796393229197-1803121919-1,N,p,800619,RE,19547,RE19547,,8000191,,,19:19:00,19:22:00,11,11,2018-03-12,916b4365,e2311868,n
50517715,8972230081774671298-1803121933-1,N,p,801566,RB,12420,RB12420,51,8000191,,,19:33:00,19:33:00,1,1,2018-03-12,7329eec3,e2311868,n
50517716,-6104143861812642080-1803121915-9,S,p,A6S71,S,85105,S85105,71,8000191,19:46:00,19:46:00,,,8,8,2018-03-12,4d02d6a0,e2311868,n
50517717,2368682492746356419-1803121903-16,S,p,A6S31,S,85104,S85104,31,8000191,19:48:00,19:49:00,,,5,5,2018-03-12,c00c7257,e2311868,n
50517718,5031173706176312942-1803121928-1,S,p,801539,S,38364,S38364,3,8000191,,,19:28:00,19:30:00,8,8,2018-03-12,46564d2e,e2311868,n
50517719,-915559574430213737-1803121734-21,N,p,801518,RB,38867,RB38867,2,8000191,19:14:00,19:14:00,,,3,3,2018-03-12,24babf60,bea35551,n
50517720,1652940217487198089-1803121906-1,F,p,80,IC,2165,IC2165,,8000191,,,19:06:00,19:07:00,10,10,2018-03-12,42ca1e43,e2311868,n
50517721,6013642219996185031-1803121723-41,S,p,A6S81,S,85103,S85103,81,8000191,19:16:00,19:24:00,,,14,14,2018-03-12,cfde16df,e2311868,n
50517722,-2918327250072397769-1803121909-1,N,p,800647,RE,4739,RE4739,,8000191,,,19:09:00,19:10:00,14,14,2018-03-12,7df26855,e2311868,n
50517723,9161431939082107739-1803121816-19,N,p,801566,RB,12419,RB12419,51,8000191,19:27:00,19:27:00,,,1,1,2018-03-12,2cea2d32,e2311868,n
50517724,1600517217847348452-1803121712-29,S,p,801539,S,38309,S38309,4,8000191,19:00:00,19:15:00,,,8,8,2018-03-12,94cc8823,e2311868,n
50517725,-7085921375161874577-1803121910-1,S,p,A6S31,S,85169,S85169,31,8000191,,,19:10:00,19:10:00,13,13,2018-03-12,c9923909,e2311868,n
50517726,4972240577858701904-1803121823-16,S,p,A6S31,S,85100,S85100,31,8000191,19:09:00,19:11:00,,,7,7,2018-03-12,c00c7257,e2311868,n
50517728,-907630180873029121-1803121647-9,F,p,80,IC,2262,IC2262,,8000191,19:53:00,19:53:00,19:55:00,19:56:00,6,6,2018-03-12,a72acaca,e2311868,n
50517729,2789362699988362707-1803121749-26,S,p,801539,S,38381,S38381,3,8000191,19:32:00,19:34:00,,,9,9,2018-03-12,ad5e7c8d,e2311868,n
50517730,-4337435481963183377-1803121950-1,S,p,A6S32,S,85105,S85105,32,8000191,,,19:50:00,19:50:00,8,8,2018-03-12,f2d9805e,e2311868,n
50546644,8381476136369608552-1803122033-1,N,p,801566,RB,12422,RB12422,51,8000191,,,20:33:00,20:33:00,102,102,2018-03-12,0e624ac3,e2311868,n
50546645,6447214939635027734-1803122008-1,N,p,800640,RE,4482,RE4482,4,8000191,,,20:08:00,20:10:00,1,1,2018-03-12,d6c8f7ab,e2311868,n
50546648,-7606068289271294196-1803122006-1,N,p,801591,RE,12040,RE12040,6,8000191,,,20:06:00,20:06:00,102,102,2018-03-12,e77ac3d7,e2311868,n
50546649,980187935584430140-1803121740-23,N,p,800647,RE,4728,RE4728,,8000191,20:49:00,20:50:00,,,6,6,2018-03-12,b7f04237,e2311868,n
50546650,-5976032504892403857-1803122015-9,S,p,A6S71,S,85109,S85109,71,8000191,20:46:00,20:47:00,,,7,7,2018-03-12,8456ce56,e2311868,n
50546651,4472785605862334578-1803121837-21,N,p,801518,RB,38871,RB38871,2,8000191,20:07:00,20:07:00,,,3,3,2018-03-12,24babf60,bea35551,n
50546652,8724200536052293727-1803122050-1,S,p,A6S32,S,85109,S85109,32,8000191,,,20:50:00,20:50:00,7,7,2018-03-12,f2d9805e,e2311868,n
50546653,4958222009241316072-1803121739-12,F,p,80,IC,2062,IC2062,,8000191,20:53:00,20:57:00,,,9,9,2018-03-12,f8d77a33,e2311868,n
50546654,-1613561629222866548-1803121922-17,N,p,800619,RE,19550,RE19550,,8000191,20:42:00,20:42:00,,,8,8,2018-03-12,4515c319,808fa216,n
50546655,227671336039182404-1803122000-1,S,p,A6S81,S,85104,S85104,81,8000191,,,20:00:00,20:00:00,5,5,2018-03-12,985bbb6c,e2311868,n
50546656,-3815310345826458651-1803122006-1,F,p,80,IC,2269,IC2269,,8000191,,,20:06:00,20:06:00,7,7,2018-03-12,728cea3e,e2311868,n
50546657,-4674302681811850992-1803121913-6,F,p,80,ICE,100,ICE100,,8000191,20:59:00,20:59:00,21:01:00,21:02:00,3,3,2018-03-12,b1ad6394,e2311868,n
50546658,8749485240606482315-1803122010-1,S,p,A6S31,S,85107,S85107,31,8000191,,,20:10:00,20:10:00,12,12,2018-03-12,c9923909,e2311868,n
50546659,-5517950223709055956-1803121916-19,N,p,801566,RB,12421,RB12421,51,8000191,20:27:00,20:27:00,,,1,1,2018-03-12,2cea2d32,e2311868,n
50546660,3011625054103057367-1803121849-26,S,p,801539,S,38369,S38369,3,8000191,20:32:00,20:32:00,,,5,5,2018-03-12,ad5e7c8d,e2311868,n
50546661,5853301128452565715-1803121949-13,N,p,801518,RB,38873,RB38873,2,8000191,20:41:00,20:41:00,,,3,3,2018-03-12,f2329988,e2311868,n
50546662,-8563593214382313558-1803121920-18,S,p,A6S32,S,85106,S85106,32,8000191,20:11:00,20:11:00,,,5,5,2018-03-12,356993ad,e2311868,n
50546663,8904988026882535793-1803121755-3,F,p,87,TGV,9579,TGV9579,,8000191,20:25:00,20:30:00,20:28:00,20:33:00,7,7,2018-03-12,bb38db84,e2311868,n
50546664,-1762206202693313110-1803122009-1,N,p,800647,RE,4741,RE4741,,8000191,,,20:09:00,20:09:00,9,9,2018-03-12,d6d37fb9,e2311868,n
50546665,7634089126279792482-1803122049-1,S,p,A6S71,S,85108,S85108,71,8000191,,,20:49:00,20:49:00,11,11,2018-03-12,f6242da1,e2311868,n
50546666,5087438172038526003-1803122025-1,N,p,801518,RB,38882,RB38882,2,8000191,,,20:25:00,20:25:00,3,3,2018-03-12,985e23fd,e2311868,n
50546667,3689627468689025357-1803122009-6,N,p,801591,RE,12041,RE12041,6,8000191,20:54:00,20:54:00,,,102,102,2018-03-12,941735b1,e2311868,n
50546668,-3281432353838358850-1803121056-28,F,p,80,IC,2375,IC2375,,8000191,20:52:00,20:54:00,,,5,5,2018-03-12,b584ca75,e2311868,n
50546669,968254018762199594-1803122005-1,N,p,800619,IRE,19047,IRE19047,,8000191,,,20:05:00,20:06:00,10,10,2018-03-12,eabdb629,e2311868,n
50546670,4974497274165258268-1803122003-16,S,p,A6S31,S,85108,S85108,31,8000191,20:48:00,20:48:00,,,11,11,2018-03-12,c00c7257,e2311868,n
50546671,-1493460540613565292-1803122028-1,S,p,801539,S,38362,S38362,3,8000191,,,20:28:00,20:29:00,10,10,2018-03-12,3e2a35e1,e2311868,n
50574378,2262834968377099223-1803122119-1,N,p,800619,RE,19519,RE19519,,8000191,,,21:19:00,21:19:00,8,8,2018-03-12,916b4365,e2311868,n
50574379,6264673881775742533-1803121618-13,F,p,80,ICE,377,ICE377,,8000191,21:58:00,22:10:00,22:00:00,22:12:00,2,2,2018-03-12,69be873a,e2311868,n
50574380,-7947572770809793823-1803122110-1,S,p,A6S31,S,85677,S85677,31,8000191,,,21:10:00,21:11:00,14,14,2018-03-12,c9923909,e2311868,n
50574381,-6921578816279972437-1803122020-18,S,p,A6S32,S,85110,S85110,32,8000191,21:11:00,21:13:00,,,5,5,2018-03-12,356993ad,e2311868,n
50574382,-4531120744728068355-1803121508-10,F,p,80,ICE,1171,ICE1171,,8000191,21:08:00,21:31:00,,,2,2,2018-03-12,00bdd8f4,e2311868,n
50574383,-8031600068786801903-1803122106-1,F,p,80,IC,2167,IC2167,,8000191,,,21:06:00,21:06:00,10,10,2018-03-12,3e7d227d,e2311868,n
50574384,-2820315739988979208-1803121900-7,F,p,85,ICE,4,ICE4,,8000191,21:59:00,21:59:00,22:01:00,22:01:00,3,3,2018-03-12,137d097e,e2311868,n
50574385,8924450087271448425-1803122133-1,N,p,801591,RB,12446,RB12446,51,8000191,,,21:33:00,21:35:00,1,1,2018-03-12,0e624ac3,e2311868,n
50574386,-538103317230052402-1803122128-1,S,p,801539,S,38366,S38366,3,8000191,,,21:28:00,21:29:00,10,10,2018-03-12,fd30a044,e2311868,n
50574387,-7252879527977483019-1803122150-1,S,p,A6S32,S,85295,S85295,32,8000191,,,21:50:00,21:50:00,8,8,2018-03-12,f2d9805e,e2311868,n
50574388,4388753305686245900-1803121949-27,S,p,801539,S,38371,S38371,3,8000191,21:36:00,21:37:00,,,6,6,2018-03-12,27a5916f,e2311868,n
50574389,-3422119527557144541-1803122016-18,N,p,801591,RB,12443,RB12443,51,8000191,21:28:00,21:29:00,,,1,1,2018-03-12,b537cd62,e2311868,n
50574390,-7280465028984653187-1803122106-1,N,p,801591,RE,12042,RE12042,6,8000191,,,21:06:00,21:07:00,102,102,2018-03-12,230a3b7b,e2311868,n
50574391,6465480025803683224-1803122149-1,S,p,A6S81,S,85112,S85112,81,8000191,,,21:49:00,21:49:00,7,7,2018-03-12,985bbb6c,e2311868,n
50574392,-784146642975178634-1803122104-10,N,p,801591,RE,12043,RE12043,6,8000191,21:54:00,21:55:00,,,102,102,2018-03-12,36b434cb,e2311868,n
50574394,4058134249943702532-1803122049-13,N,p,801518,RB,38877,RB38877,2,8000191,21:41:00,21:43:00,,,2,1,2018-03-12,f2329988,e2311868,n
50574395,-417226610078844622-1803122013-10,N,p,800640,RE,4485,RE4485,4,8000191,21:52:00,21:52:00,,,1,1,2018-03-12,d37c0e1b,e2311868,n
50574396,5853098569666637871-1803121844-10,F,p,80,IC,2092,IC2092,,8000191,21:53:00,21:55:00,,,5,5,2018-03-12,26471473,843eba94,c
50574397,3343594810782393310-1803122125-1,N,p,801518,RB,38886,RB38886,2,8000191,,,21:25:00,21:25:00,3,3,2018-03-12,985e23fd,e2311868,n
50574398,-2904170208026579841-1803122059-6,N,p,800619,IRE,19042,IRE19042,,8000191,21:53:00,21:54:00,,,10,10,2018-03-12,b36a8f2d,e2311868,n
50574399,-4337074948133260508-1803121855-5,F,p,80,ICE,203,ICE203,,8000191,21:00:00,20:59:00,21:12:00,21:12:00,1,1,2018-03-12,e01d337d,e2311868,n
50574400,-7054295695888216389-1803122050-14,S,p,A6S71,S,85295,S85295,71,8000191,21:46:00,21:47:00,,,8,8,2018-03-12,61b8c589,e2311868,n
50574401,6493049929487803805-1803122103-16,S,p,A6S31,S,85112,S85112,31,8000191,21:48:00,21:48:00,,,7,7,2018-03-12,c00c7257,e2311868,n
50574402,8583086337008771208-1803121840-23,N,p,800647,RE,4730,RE4730,,8000191,21:49:00,21:51:00,,,6,6,2018-03-12,f68b10d5,e2311868,n
50574403,3580503990382438116-1803122116-1,N,p,800647,RE,4743,RE4743,,8000191,,,21:16:00,21:16:00,6,6,2018-03-12,dcc90291,e2311868,n
50596623,2022321766449327121-1803122207-8,N,p,801566,RB,12487,RB12487,54,8000191,22:55:00,22:57:00,,,102,102,2018-03-12,c5254794,e2311868,n
50596624,-7240757087966387693-1803122249-1,S,p,A6S71,S,85116,S85116,71,8000191,,,22:49:00,22:49:00,8,8,2018-03-12,74fe35a5,e2311868,n
50596626,-952728424003271039-1803122250-1,S,p,A6S32,S,85117,S85117,32,8000191,,,22:50:00,22:51:00,7,7,2018-03-12,f2d9805e,e2311868,n
50596628,4911585419496598634-1803122203-16,S,p,A6S31,S,85116,S85116,31,8000191,22:48:00,22:48:00,,,8,8,2018-03-12,c00c7257,e2311868,n
50596629,-3579675049872502218-1803122050-29,S,p,801539,S,38373,S38373,3,8000191,22:37:00,22:37:00,,,6,6,2018-03-12,94cc8823,e2311868,n
50596630,-430974827647279908-1803122210-1,S,p,A6S31,S,85115,S85115,31,8000191,,,22:10:00,22:15:00,8,8,2018-03-12,c9923909,e2311868,n
50596631,-6491946958368360770-1803121940-23,N,p,800647,RE,4734,RE4734,,8000191,22:49:00,22:50:00,,,14,14,2018-03-12,b7f04237,e2311868,n
50596632,-5982546326953726094-1803122149-11,N,p,801566,RB,81482,RB81482,52,8000191,22:27:00,22:27:00,,,101,101,2018-03-12,5852f9ac,e2311868,n
50596633,-3412774603593985291-1803122211-1,S,p,A6S5,S,85641,S85641,5,8000191,,,22:11:00,22:16:00,14,14,2018-03-12,15ce0ff4,e2311868,n
50596634,1050540537551571946-1803122230-9,S,p,A6S71,S,85205,S85205,71,8000191,22:59:00,23:01:00,,,12,12,2018-03-12,8456ce56,e2311868,n
50596635,-2144734089684839085-1803122120-17,N,p,800619,RE,19518,RE19518,,8000191,22:42:00,22:42:00,,,10,10,2018-03-12,4515c319,e2311868,n
50596636,-1674819187503185044-1803122209-1,N,p,800647,RE,4735,RE4735,,8000191,,,22:09:00,22:10:00,6,6,2018-03-12,e812d666,e2311868,n
50596637,3984577654293532640-1803122205-1,N,p,800619,IRE,19049,IRE19049,,8000191,,,22:05:00,22:05:00,10,10,2018-03-12,eabdb629,e2311868,n
50596638,-2575238072703487164-1803121547-22,F,p,80,IC,2060,IC2060,,8000191,22:59:00,22:59:00,,,7,7,2018-03-12,7745b531,e2311868,n
50596639,-461704346669165920-1803122149-13,N,p,801518,RB,38881,RB38881,2,8000191,22:41:00,22:41:00,,,5,5,2018-03-12,f2329988,e2311868,n
50596640,-6497371028772040095-1803122235-1,N,p,800640,RE,12994,RE12994,4,8000191,,,22:35:00,22:36:00,2,1,2018-03-12,de371988,e2311868,n
50596641,-5023191598813681503-1803122120-18,S,p,A6S32,S,85114,S85114,32,8000191,22:18:00,22:20:00,,,7,7,2018-03-12,356993ad,e2311868,n
50596642,2939040619514614602-1803122228-1,S,p,801539,S,38368,S38368,3,8000191,,,22:28:00,22:28:00,10,10,2018-03-12,aa4e933f,e2311868,n
50596643,7915320463375169291-1803122206-1,N,p,801591,RE,12044,RE12044,6,8000191,,,22:06:00,22:06:00,102,102,2018-03-12,801445ea,e2311868,n
50615502,9155535879735276208-1803122328-1,S,p,801539,S,38370,S38370,3,8000191,,,23:28:00,23:28:00,5,6,2018-03-12,b38a72ac,e2311868,n
50615503,-6432528114755080847-1803122219-17,N,p,800619,RE,19554,RE19554,,8000191,23:42:00,23:42:00,,,10,10,2018-03-12,4515c319,e2311868,n
50615504,-9021759905522455589-1803122350-1,S,p,A6S32,S,85121,S85121,32,8000191,,,23:50:00,23:50:00,8,8,2018-03-12,f2d9805e,e2311868,n
50615505,4820875575957054663-1803121950-10,F,p,80,ICE,605,ICE605,,8000191,23:00:00,23:00:00,23:12:00,23:12:00,1,1,2018-03-12,fd59e556,e2311868,n
50615506,-4360400861504424082-1803122311-1,N,p,801591,RE,12046,RE12046,6,8000191,,,23:11:00,23:17:00,101,101,2018-03-12,148f5aa4,e2311868,n
50615507,-4728583962841628342-1803122321-1,N,p,800619,RE,19553,RE19553,,8000191,,,23:21:00,23:28:00,10,10,2018-03-12,916b4365,e2311868,n
50615508,-3817672644511413244-1803122226-19,N,p,801566,RB,12425,RB12425,51,8000191,23:37:00,23:37:00,,,1,1,2018-03-12,2cea2d32,e2311868,n
50615509,-3658282231686556221-1803122254-13,N,p,801518,RB,38885,RB38885,2,8000191,23:48:00,23:48:00,,,2,2,2018-03-12,f2329988,e2311868,n
50615510,6257954485149672123-1803122220-18,S,p,A6S32,S,85118,S85118,32,8000191,23:18:00,23:18:00,,,8,8,2018-03-12,356993ad,e2311868,n
50615511,-4599221852267908973-1803122310-1,S,p,A6S31,S,85205,S85205,31,8000191,,,23:10:00,23:10:00,12,12,2018-03-12,c9923909,e2311868,n
50615512,-507607069582644740-1803122000-6,,p,NZ,NJ,40470,NJ40470,,8000191,23:02:00,23:03:00,23:04:00,23:05:00,,8,2018-03-12,f1f32260,e2311868,n
50615513,-1546813935104597260-1803122237-19,S,p,801539,S,38375,S38375,3,8000191,23:51:00,23:51:00,,,5,5,2018-03-12,c47f0774,e2311868,n
50615514,6016572754452963364-1803122310-1,N,p,801518,RB,38890,RB38890,2,8000191,,,23:10:00,23:11:00,5,5,2018-03-12,15fa6082,e2311868,n
50615515,619540276183624659-1803122347-1,N,p,8006C5,RE,17327,RE17327,,8000191,,,23:47:00,23:47:00,9,9,2018-03-12,e812d666,e2311868,n
50615516,1003446772902483359-1803122000-6,,p,85,NJ,470,NJ470,,8000191,23:02:00,23:03:00,23:04:00,23:05:00,8,8,2018-03-12,1123fc16,e2311868,n
50615517,958224973101545429-1803121807-9,F,p,80,ICE,273,ICE273,,8000191,23:08:00,23:22:00,,,2,2,2018-03-12,c5cab485,e2311868,n
